Name,TotalMinutes,PER,TSPCT,3PAr,FTr,ORBPCT,DRBPCT,TRBPCT,ASTPCT,STLPCT,BLKPCT,TOVPCT,USGPCT,OWS,DWS,WS,WS/48,OBPM,DBPM,BPM,VORP
Precious Achiuwa,237,14.4,0.495,0.262,0.298,11.9,24.9,18.2,16.1,1.6,2.2,15.2,20.0,0.0,0.4,0.4,0.074,-1.9,1.1,-0.8,0.1
Bam Adebayo,524,23.0,0.597,0.012,0.451,7.0,27.2,16.8,19.6,1.8,3.0,11.8,28.0,1.0,0.9,1.9,0.172,1.9,1.3,3.2,0.7
Ochai Agbaji,340,9.5,0.567,0.646,0.073,4.6,10.3,7.4,7.6,1.1,3.2,12.4,11.7,0.2,0.1,0.3,0.046,-1.7,-0.7,-2.4,0.0
Santi Aldama,290,14.5,0.53,0.46,0.151,5.0,20.0,12.0,12.3,1.0,2.4,8.6,23.7,0.0,0.3,0.3,0.05,0.6,-0.6,0.0,0.1
Nickeil Alexander-Walker,381,8.6,0.505,0.677,0.094,1.9,7.5,4.9,14.7,1.7,2.7,13.0,13.1,0.0,0.6,0.6,0.079,-2.2,2.2,0.0,0.2
Grayson Allen,520,11.8,0.654,0.593,0.185,3.0,12.3,7.9,12.5,0.9,1.1,15.1,14.3,0.7,0.3,1.0,0.094,-0.4,-1.4,-1.8,0.0
Jarrett Allen,368,20.1,0.71,0.0,0.49,11.4,17.8,14.7,12.0,0.9,3.5,15.6,17.3,1.0,0.5,1.5,0.194,1.0,0.8,1.9,0.4
Jose Alvarado,96,12.3,0.492,0.487,0.154,4.5,10.1,7.3,17.7,3.5,1.0,12.6,21.1,-0.1,0.1,0.1,0.041,-3.0,1.5,-1.4,0.0
Kyle Anderson,414,12.6,0.563,0.118,0.398,3.8,12.7,8.7,21.8,1.6,3.1,21.0,14.5,0.2,0.8,1.0,0.113,-1.1,2.9,1.8,0.4
Giannis Antetokounmpo,577,28.2,0.634,0.102,0.552,8.9,24.4,17.0,24.2,1.8,2.9,14.6,34.7,1.5,0.7,2.2,0.187,4.9,0.9,5.8,1.1
Thanasis Antetokounmpo,44,0.8,0.375,0.0,0.0,5.2,4.7,5.0,10.9,1.1,1.9,33.3,11.6,-0.1,0.0,-0.1,-0.086,-8.3,-2.2,-10.5,-0.1
Cole Anthony,467,17.0,0.581,0.356,0.441,5.4,15.7,10.5,21.8,1.3,1.6,13.9,25.2,0.7,0.7,1.5,0.152,0.9,0.4,1.2,0.4
OG Anunoby,482,13.0,0.59,0.531,0.164,3.5,10.4,6.8,9.0,1.7,1.8,11.6,18.8,0.3,0.6,0.8,0.08,-0.3,0.3,0.1,0.2
Ryan Arcidiacono,11,-1.2,0.0,1.0,0.0,0.0,20.6,10.0,0.0,0.0,0.0,0.0,3.9,0.0,0.0,0.0,-0.036,-10.2,-0.6,-10.8,0.0
Deni Avdija,485,16.3,0.622,0.298,0.196,5.5,16.2,10.8,18.4,1.6,0.8,12.9,18.2,0.8,0.2,1.0,0.095,0.5,-0.9,-0.3,0.2
Deandre Ayton,510,17.7,0.607,0.0,0.114,10.9,29.7,19.5,8.1,2.1,2.3,15.4,17.2,0.5,0.8,1.3,0.123,-0.9,0.6,-0.3,0.2
Udoka Azubuike,9,12.0,1.0,0.0,0.0,0.0,48.1,25.4,0.0,0.0,0.0,0.0,4.8,0.0,0.0,0.0,0.159,-1.8,-0.9,-2.8,0.0
Marvin Bagley III,322,18.6,0.642,0.042,0.367,10.4,18.6,14.4,10.7,0.1,2.8,13.1,20.6,0.7,0.1,0.8,0.122,0.8,-1.3,-0.5,0.1
Amari Bailey,3,24.2,0.333,0.0,0.0,69.5,0.0,36.2,0.0,0.0,0.0,0.0,42.1,0.0,0.0,0.0,-0.05,7.7,-10.7,-3.1,0.0
Patrick Baldwin Jr.,11,-4.1,0.0,0.5,0.0,0.0,9.9,4.9,9.9,0.0,0.0,0.0,7.7,0.0,0.0,0.0,-0.173,-10.6,-4.1,-14.8,0.0
LaMelo Ball,501,20.8,0.568,0.45,0.211,4.8,13.3,8.9,39.7,2.0,0.7,15.3,32.3,0.7,0.2,0.9,0.084,4.4,-1.0,3.4,0.7
Mo Bamba,37,25.1,0.611,0.176,0.353,21.2,23.6,22.5,0.0,1.3,14.4,16.9,27.0,0.0,0.1,0.1,0.168,-0.7,-0.1,-0.8,0.0
Paolo Banchero,596,15.8,0.561,0.213,0.422,4.4,17.7,11.0,21.2,1.6,1.7,16.2,25.7,0.2,1.0,1.2,0.097,0.2,0.7,0.8,0.4
Desmond Bane,582,17.9,0.561,0.48,0.191,2.7,12.6,7.3,27.5,1.9,1.7,11.5,29.1,0.5,0.6,1.1,0.09,2.5,-0.1,2.4,0.6
Dalano Banton,70,14.0,0.579,0.273,0.227,9.7,14.6,12.3,6.1,1.4,1.3,7.6,16.2,0.1,0.1,0.2,0.164,-3.7,1.3,-2.4,0.0
Dominick Barlow,32,3.5,0.387,0.0,0.667,0.0,18.3,8.7,0.0,1.5,0.0,0.0,10.2,0.0,0.0,0.0,-0.039,-7.6,-2.1,-9.7,-0.1
Harrison Barnes,533,12.2,0.629,0.578,0.306,2.4,9.3,5.7,7.0,1.3,0.3,7.7,14.4,0.8,0.3,1.1,0.099,-0.2,-1.1,-1.2,0.1
Scottie Barnes,659,20.3,0.553,0.323,0.265,7.9,20.6,14.1,24.1,2.3,3.3,11.8,23.9,1.0,1.1,2.1,0.152,3.2,2.3,5.6,1.2
RJ Barrett,360,15.8,0.562,0.335,0.324,1.8,12.6,7.0,13.6,1.0,0.8,10.5,26.9,0.4,0.4,0.8,0.113,0.9,-0.6,0.3,0.2
Charles Bassey,182,16.9,0.712,0.028,0.167,12.3,27.6,19.6,13.7,2.1,6.0,26.6,12.1,0.2,0.2,0.5,0.12,-2.1,1.9,-0.2,0.1
Emoni Bates,52,4.6,0.378,0.8,0.133,2.2,16.0,9.4,4.9,0.9,1.7,5.9,14.1,-0.1,0.1,0.0,-0.023,-4.8,-1.5,-6.3,-0.1
Keita Bates-Diop,298,12.7,0.511,0.39,0.325,7.3,13.1,10.3,6.4,1.8,3.9,3.3,13.2,0.3,0.3,0.7,0.106,-1.2,-0.1,-1.3,0.0
Nicolas Batum,308,12.4,0.774,0.813,0.083,4.4,12.7,8.6,8.7,1.4,3.2,12.3,7.8,0.6,0.3,0.9,0.144,0.6,1.1,1.7,0.3
Nicolas Batum,54,9.9,0.5,0.875,0.0,0.0,13.6,7.0,11.6,2.7,6.6,11.1,7.2,0.0,0.1,0.1,0.109,-2.1,3.8,1.8,0.1
Nicolas Batum,254,12.9,0.826,0.8,0.1,5.3,12.5,8.9,8.1,1.1,2.4,12.6,7.9,0.6,0.2,0.8,0.151,1.2,0.5,1.7,0.2
Bradley Beal,86,11.5,0.49,0.326,0.348,4.2,16.4,10.6,20.4,1.2,1.0,14.5,31.2,-0.1,0.1,0.0,-0.024,-2.7,-2.0,-4.7,-0.1
Malik Beasley,502,13.2,0.66,0.728,0.082,2.5,15.0,9.0,6.3,1.6,0.5,7.9,14.0,0.8,0.4,1.1,0.11,0.8,-0.5,0.3,0.3
MarJon Beauchamp,220,9.4,0.565,0.468,0.194,5.2,11.4,8.4,8.2,0.9,0.8,11.8,14.7,0.1,0.1,0.2,0.053,-2.0,-1.4,-3.4,-0.1
Dāvis Bertāns,46,10.0,0.501,0.923,0.692,0.0,8.8,4.8,10.6,1.0,2.0,0.0,16.0,0.1,0.0,0.1,0.107,-2.2,-1.0,-3.2,0.0
Patrick Beverley,307,9.1,0.485,0.544,0.193,5.9,13.2,9.6,16.6,1.3,1.7,13.9,9.9,0.3,0.3,0.5,0.084,-2.2,0.6,-1.6,0.0
Saddiq Bey,484,14.2,0.612,0.49,0.216,7.1,15.1,11.0,6.1,1.8,0.5,11.1,15.9,0.7,0.2,0.9,0.094,0.7,-0.8,0.0,0.2
Goga Bitadze,320,19.2,0.615,0.039,0.5,12.2,23.2,17.7,12.1,2.1,6.7,9.7,13.5,0.8,0.8,1.5,0.228,0.4,3.5,3.8,0.5
Onuralp Bitim,3,0.0,0.0,0.0,0.0,0.0,0.0,0.0,0.0,0.0,0.0,,0.0,0.0,0.0,0.0,-0.017,-7.5,-3.6,-11.1,0.0
Bismack Biyombo,315,14.2,0.627,0.0,0.526,11.6,19.5,15.3,10.6,0.9,4.5,15.6,11.2,0.5,0.4,0.9,0.134,-2.4,0.9,-1.5,0.0
Anthony Black,302,6.4,0.536,0.365,0.286,3.8,10.0,6.9,10.0,0.8,1.8,20.2,12.3,-0.1,0.4,0.3,0.05,-4.8,0.5,-4.3,-0.2
Leaky Black,17,14.1,0.5,0.4,0.0,0.0,13.3,6.4,7.7,2.8,10.7,0.0,12.4,0.0,0.0,0.0,0.087,0.1,3.2,3.3,0.0
Bogdan Bogdanović,447,17.0,0.607,0.648,0.108,1.7,11.6,6.6,13.4,2.5,1.2,9.7,22.5,0.8,0.3,1.0,0.112,2.3,0.2,2.5,0.5
Bol Bol,7,3.2,1.0,0.0,0.0,0.0,15.5,8.1,0.0,0.0,12.0,66.7,18.6,0.0,0.0,0.0,-0.238,-10.1,0.3,-9.9,0.0
Marques Bolden,3,3.2,0.0,0.0,0.0,0.0,69.6,36.3,0.0,0.0,0.0,,0.0,0.0,0.0,0.0,0.097,-8.0,2.6,-5.4,0.0
Devin Booker,339,25.4,0.607,0.262,0.403,3.6,14.1,9.1,44.2,1.0,1.2,11.8,32.6,1.3,0.2,1.6,0.221,5.4,-1.5,3.9,0.5
Chris Boucher,249,16.4,0.624,0.382,0.461,9.2,20.6,14.7,3.4,1.2,3.1,7.1,16.7,0.5,0.4,0.9,0.173,-0.5,-0.2,-0.8,0.1
James Bouknight,5,37.8,0.833,0.667,0.0,20.9,0.0,10.8,0.0,0.0,0.0,0.0,25.2,0.0,0.0,0.0,0.277,21.5,0.2,21.7,0.0
Jamaree Bouyea,57,-4.5,0.238,0.381,0.0,3.7,17.1,9.9,19.8,0.0,0.0,27.6,21.5,-0.4,0.0,-0.3,-0.287,-13.1,-5.1,-18.2,-0.2
Malaki Branham,353,8.1,0.49,0.399,0.063,1.2,5.6,3.3,15.6,1.1,0.3,9.8,19.3,-0.3,0.0,-0.3,-0.036,-4.1,-2.6,-6.7,-0.4
Christian Braun,398,13.1,0.544,0.232,0.268,5.0,17.5,11.3,12.0,0.7,0.9,7.8,18.1,0.4,0.4,0.8,0.099,-1.2,-1.2,-2.4,0.0
Mikal Bridges,592,18.0,0.583,0.354,0.256,3.9,14.4,9.3,17.5,1.5,0.9,11.9,26.1,0.8,0.5,1.3,0.108,1.5,-0.7,0.9,0.4
Miles Bridges,216,17.5,0.606,0.318,0.353,2.4,22.5,12.1,10.8,2.0,1.3,10.9,21.5,0.3,0.1,0.4,0.093,0.6,0.2,0.8,0.2
Oshae Brissett,90,5.0,0.314,0.529,0.706,10.1,14.7,12.5,4.0,2.2,0.0,8.2,11.7,-0.1,0.2,0.1,0.032,-6.3,0.5,-5.8,-0.1
Malcolm Brogdon,341,19.3,0.513,0.34,0.227,3.7,14.7,8.7,39.6,1.3,0.3,7.8,28.7,0.5,0.3,0.8,0.112,3.8,-0.4,3.4,0.5
Armoni Brooks,45,8.0,0.5,0.765,0.0,4.8,18.3,11.7,0.0,0.0,0.0,5.6,17.2,0.0,0.0,0.0,0.009,-3.3,-3.6,-6.9,-0.1
Dillon Brooks,488,10.8,0.605,0.4,0.25,2.6,9.8,6.2,8.5,1.6,0.2,14.0,18.8,0.2,0.6,0.8,0.079,-3.0,0.2,-2.7,-0.1
Bruce Brown,504,11.0,0.567,0.409,0.188,1.8,13.2,7.5,10.4,1.8,0.7,10.0,14.5,0.4,0.1,0.6,0.054,-1.7,-0.7,-2.4,-0.1
Jaylen Brown,586,15.5,0.544,0.391,0.218,1.7,13.2,7.8,16.7,1.5,1.4,10.7,28.4,0.1,1.0,1.1,0.09,-0.5,0.4,-0.1,0.3
Kobe Brown,68,8.3,0.556,0.611,0.0,4.9,15.5,10.4,4.0,0.7,1.3,5.3,12.0,0.1,0.1,0.1,0.094,-3.5,-0.9,-4.3,0.0
Moses Brown,14,26.9,0.51,0.0,0.4,29.8,8.7,20.1,12.2,3.5,6.4,0.0,17.8,0.0,0.0,0.1,0.208,3.8,-1.9,1.9,0.0
Troy Brown Jr.,146,13.2,0.59,0.622,0.541,8.3,18.1,13.6,6.4,1.0,0.6,9.8,15.1,0.2,0.3,0.5,0.159,-0.2,0.4,0.3,0.1
Jalen Brunson,599,19.8,0.584,0.356,0.243,2.0,9.3,5.5,25.6,1.4,0.2,8.8,27.2,1.6,0.7,2.3,0.182,4.4,0.3,4.8,1.0
Thomas Bryant,162,12.3,0.537,0.057,0.283,8.2,23.8,15.8,6.5,1.8,2.4,16.8,19.6,-0.1,0.3,0.2,0.051,-4.6,-0.5,-5.2,-0.1
Kobe Bufkin,4,-9.9,0.129,0.333,0.667,26.8,27.6,27.2,0.0,0.0,0.0,0.0,39.5,0.0,0.0,0.0,-0.513,-18.8,-13.1,-31.8,0.0
Reggie Bullock,76,4.2,0.462,0.923,0.0,3.0,15.7,9.5,4.9,0.7,1.2,13.3,8.8,0.0,0.1,0.1,0.034,-4.1,-0.5,-4.6,0.0
Alec Burks,247,15.1,0.552,0.636,0.402,3.1,10.8,6.9,13.8,1.0,1.3,3.8,21.9,0.5,0.1,0.6,0.117,1.7,-1.1,0.6,0.2
Jared Butler,36,20.7,0.613,0.6,0.2,0.0,9.1,4.5,34.7,5.2,2.3,15.5,22.6,0.1,0.0,0.1,0.139,1.3,2.9,4.2,0.1
Jimmy Butler,466,21.6,0.6,0.21,0.544,6.4,10.8,8.5,18.9,2.0,1.7,9.0,25.2,1.3,0.5,1.8,0.186,3.7,-0.2,3.6,0.7
Jamal Cain,70,8.6,0.521,0.529,0.294,4.7,10.0,7.3,0.0,2.8,0.0,9.4,13.4,0.0,0.1,0.1,0.039,-3.8,0.2,-3.6,0.0
Kentavious Caldwell-Pope,648,10.5,0.596,0.45,0.244,1.7,4.6,3.2,9.4,2.1,1.2,11.9,13.4,0.6,0.6,1.2,0.089,-2.1,0.2,-1.9,0.0
Toumani Camara,419,8.0,0.501,0.484,0.297,7.5,12.2,9.7,6.3,1.4,2.1,15.6,12.3,-0.1,0.4,0.3,0.038,-4.4,0.1,-4.3,-0.2
Clint Capela,413,21.8,0.599,0.0,0.336,19.4,24.3,21.9,5.1,1.5,5.9,7.4,16.0,1.1,0.4,1.6,0.184,2.2,-0.4,1.7,0.4
Jevon Carter,271,7.9,0.498,0.647,0.01,0.4,3.9,2.1,12.2,1.5,2.4,11.3,18.9,-0.2,0.1,-0.2,-0.027,-3.3,-1.5,-4.7,-0.2
Wendell Carter Jr.,147,8.6,0.459,0.356,0.311,8.6,25.3,16.9,7.3,1.0,1.3,13.5,16.9,-0.1,0.2,0.1,0.047,-4.1,-0.6,-4.7,-0.1
Alex Caruso,379,18.3,0.699,0.566,0.273,5.5,11.3,8.2,13.8,3.0,3.4,12.6,14.9,0.9,0.4,1.3,0.167,2.2,2.4,4.6,0.6
Colin Castleton,19,7.4,0.5,0.0,0.0,12.4,5.4,8.7,13.9,0.0,0.0,0.0,9.2,0.0,0.0,0.0,0.113,-5.4,-2.7,-8.1,0.0
Malcolm Cazalon,3,0.0,0.0,0.0,0.0,0.0,0.0,0.0,0.0,0.0,0.0,,0.0,0.0,0.0,0.0,-0.018,-6.3,-3.1,-9.4,0.0
Julian Champagnie,152,7.7,0.441,0.655,0.172,2.1,10.0,5.9,8.9,1.9,5.4,12.6,19.7,-0.3,0.1,-0.2,-0.066,-3.3,-0.9,-4.2,-0.1
Max Christie,243,5.8,0.466,0.475,0.164,1.5,15.6,9.0,8.0,1.0,1.1,14.4,13.7,-0.3,0.3,0.0,-0.001,-5.5,-0.7,-6.2,-0.3
Sidy Cissoko,4,-12.0,0.0,0.0,0.0,0.0,0.0,0.0,0.0,0.0,0.0,100.0,10.5,0.0,0.0,0.0,-0.36,-15.1,-6.6,-21.7,0.0
Jordan Clarkson,536,12.5,0.516,0.368,0.229,4.1,7.4,5.7,24.7,1.3,0.3,15.6,26.6,0.0,0.0,0.0,0.0,-1.1,-3.6,-4.7,-0.4
Nic Claxton,218,22.9,0.666,0.0,0.299,11.0,20.7,16.0,8.2,1.1,9.6,7.3,16.1,0.6,0.4,1.0,0.213,1.9,2.3,4.2,0.3
Noah Clowney,3,4.2,0.0,0.0,0.0,0.0,34.3,17.6,0.0,0.0,0.0,,0.0,0.0,0.0,0.0,0.05,-4.0,-1.9,-5.9,0.0
Amir Coffey,58,5.0,0.436,0.25,0.333,3.9,9.1,6.5,6.6,0.8,0.0,12.7,11.7,0.0,0.1,0.0,0.015,-5.4,-1.4,-6.8,-0.1
John Collins,560,14.9,0.586,0.327,0.243,9.2,19.8,14.3,4.1,1.0,2.3,8.6,18.0,0.8,0.3,1.1,0.092,-0.4,-2.1,-2.5,-0.1
Zach Collins,496,13.9,0.589,0.383,0.257,7.3,17.2,12.0,19.2,1.1,2.4,18.7,21.2,0.2,0.2,0.4,0.038,-1.6,-0.6,-2.2,0.0
Mike Conley,496,15.0,0.607,0.609,0.101,2.2,7.8,5.2,28.1,1.6,0.4,8.9,13.9,1.2,0.7,2.0,0.19,1.7,1.4,3.1,0.6
Pat Connaughton,416,8.8,0.546,0.656,0.133,3.3,12.8,8.3,10.7,1.0,0.6,12.8,11.2,0.2,0.2,0.4,0.05,-1.7,-0.7,-2.4,0.0
Bilal Coulibaly,442,9.8,0.61,0.455,0.238,1.7,13.8,7.7,8.2,1.7,2.4,17.7,12.9,0.0,0.2,0.2,0.019,-2.7,-0.7,-3.4,-0.2
Robert Covington,325,14.4,0.573,0.588,0.206,7.9,13.7,10.9,6.7,3.6,3.8,5.1,10.2,0.5,0.6,1.1,0.162,0.2,2.8,3.1,0.4
Robert Covington,69,10.7,0.455,0.889,0.222,3.2,9.2,6.3,12.5,4.2,2.6,0.0,6.1,0.1,0.1,0.2,0.14,-2.6,3.9,1.3,0.1
Robert Covington,256,15.3,0.591,0.542,0.203,9.2,14.9,12.1,5.1,3.4,4.1,5.9,11.3,0.5,0.4,0.9,0.167,1.0,2.6,3.5,0.4
Torrey Craig,403,9.1,0.495,0.5,0.131,8.1,17.1,12.3,6.8,1.4,1.9,11.0,11.0,0.2,0.3,0.4,0.052,-3.5,-0.4,-4.0,-0.2
Jae Crowder,240,12.1,0.698,0.66,0.255,1.9,13.5,7.9,7.8,1.4,1.0,7.1,10.0,0.4,0.2,0.6,0.119,0.9,0.2,1.1,0.2
Cade Cunningham,627,12.0,0.503,0.294,0.213,1.7,10.1,5.8,32.1,1.1,0.5,16.8,31.0,-0.6,0.2,-0.5,-0.037,-1.4,-3.3,-4.6,-0.4
Seth Curry,109,10.4,0.513,0.576,0.212,3.0,10.0,6.5,9.5,2.6,0.8,10.0,15.6,0.0,0.1,0.1,0.048,-3.6,0.2,-3.4,0.0
Stephen Curry,532,23.3,0.676,0.633,0.344,2.5,13.4,7.8,21.6,1.1,0.5,14.6,32.2,1.5,0.4,1.9,0.172,8.1,-0.6,7.5,1.3
Dyson Daniels,521,11.0,0.482,0.426,0.17,4.5,15.3,9.9,17.4,2.8,1.5,15.6,14.6,-0.1,0.8,0.7,0.061,-2.8,2.0,-0.7,0.2
Anthony Davis,629,24.9,0.615,0.036,0.407,11.1,26.4,19.3,15.3,1.4,7.1,11.2,25.3,1.5,1.3,2.8,0.211,2.3,2.1,4.3,1.0
Johnny Davis,122,11.0,0.535,0.079,0.132,6.1,9.8,7.9,5.4,2.7,0.7,11.1,15.6,0.0,0.0,0.0,0.016,-3.9,-1.4,-5.3,-0.1
DeMar DeRozan,633,19.0,0.544,0.147,0.403,2.8,7.7,5.1,22.0,1.4,2.6,5.6,26.2,1.2,0.3,1.4,0.109,2.1,-0.7,1.3,0.5
Moussa Diabaté,54,24.1,0.558,0.0,0.556,29.0,9.7,19.1,10.8,3.6,0.0,8.2,19.4,0.2,0.1,0.3,0.246,3.4,-1.5,1.9,0.1
Gradey Dick,220,3.0,0.419,0.651,0.222,3.3,7.6,5.4,8.7,0.9,0.0,14.8,15.6,-0.3,0.2,-0.1,-0.032,-7.4,-1.8,-9.2,-0.4
Ousmane Dieng,122,7.9,0.464,0.703,0.108,6.0,13.3,10.0,11.5,0.4,0.0,9.4,15.2,0.0,0.1,0.1,0.039,-1.9,-1.7,-3.6,-0.1
Spencer Dinwiddie,496,15.7,0.564,0.592,0.363,2.0,11.4,6.8,28.1,1.1,0.4,11.5,20.3,1.0,0.3,1.3,0.128,1.3,-1.0,0.3,0.3
Donte DiVincenzo,344,12.4,0.54,0.667,0.138,4.6,11.5,8.0,12.3,2.6,1.4,13.9,18.7,0.1,0.6,0.7,0.095,-0.5,1.6,1.0,0.3
Luka Dončić,599,27.0,0.615,0.441,0.342,1.8,23.0,12.3,38.1,1.8,1.0,12.6,34.9,1.8,0.6,2.4,0.193,7.6,0.6,8.3,1.6
Luguentz Dort,477,11.4,0.605,0.551,0.299,4.3,10.5,7.7,5.2,1.6,2.7,10.6,14.6,0.4,0.6,1.1,0.107,-1.5,0.3,-1.2,0.1
Ayo Dosunmu,263,11.4,0.579,0.467,0.187,3.2,7.7,5.3,12.9,1.5,0.8,10.0,15.2,0.3,0.1,0.4,0.069,-2.2,-0.7,-2.9,-0.1
Andre Drummond,248,20.6,0.541,0.012,0.415,19.5,32.5,25.6,7.0,4.1,2.6,16.4,20.7,0.2,0.5,0.6,0.124,-1.3,-0.2,-1.4,0.0
Chris Duarte,257,6.7,0.518,0.592,0.197,1.6,13.5,7.3,8.3,2.2,0.3,12.5,14.6,-0.1,0.2,0.2,0.03,-5.7,0.3,-5.4,-0.2
Kris Dunn,134,9.4,0.495,0.205,0.182,3.1,16.1,9.4,26.7,2.5,0.7,24.0,19.2,-0.1,0.1,0.0,-0.015,-5.1,0.3,-4.8,-0.1
Kevin Durant,590,24.9,0.641,0.226,0.404,1.0,19.3,10.6,27.4,1.0,2.6,13.5,33.2,1.7,0.6,2.3,0.184,6.2,-0.3,5.9,1.2
Jalen Duren,310,17.1,0.604,0.02,0.21,14.9,27.3,21.0,15.5,1.1,4.2,22.7,18.9,0.2,0.3,0.5,0.075,-1.8,0.8,-1.0,0.1
Tari Eason,159,15.0,0.525,0.273,0.127,10.0,24.5,17.4,6.4,1.3,6.6,9.4,17.9,0.0,0.3,0.4,0.112,-1.3,1.7,0.4,0.1
Anthony Edwards,597,20.4,0.582,0.337,0.305,2.6,14.8,9.3,24.3,1.8,1.2,12.5,31.9,0.8,1.1,1.9,0.15,3.1,0.9,4.0,0.9
Kessler Edwards,90,5.4,0.388,0.667,0.095,3.5,15.4,9.2,7.0,1.1,2.0,4.4,10.8,-0.1,0.1,0.0,0.011,-4.1,-0.8,-4.9,-0.1
Keon Ellis,115,9.5,0.518,0.786,0.393,3.7,12.1,7.7,9.1,2.5,3.1,15.4,14.3,0.0,0.1,0.1,0.042,-2.4,0.9,-1.5,0.0
Joel Embiid,552,32.1,0.619,0.163,0.568,10.6,25.3,18.1,33.4,1.4,4.8,12.5,36.1,2.4,0.9,3.3,0.285,8.3,2.6,10.9,1.8
Drew Eubanks,307,16.3,0.655,0.025,0.35,10.2,18.0,14.3,12.5,0.5,5.2,17.1,15.7,0.6,0.3,0.9,0.139,-1.2,-0.1,-1.3,0.1
Dante Exum,170,16.4,0.553,0.27,0.238,5.1,18.0,11.5,20.1,1.4,1.0,6.7,18.6,0.3,0.1,0.4,0.125,-0.2,-0.1,-0.3,0.1
Bruno Fernando,16,-5.0,0.371,0.111,0.111,20.1,6.9,13.6,0.0,0.0,0.0,29.8,34.2,-0.1,0.0,-0.1,-0.376,-16.0,-7.9,-23.9,-0.1
Dorian Finney-Smith,526,11.5,0.6,0.671,0.02,7.0,11.5,9.3,6.4,0.7,1.9,9.4,13.8,0.7,0.3,1.0,0.088,-0.1,-1.1,-1.2,0.1
Malachi Flynn,320,10.3,0.546,0.578,0.178,2.9,10.8,6.7,16.4,2.0,0.8,16.4,15.3,0.1,0.4,0.4,0.065,-3.0,0.7,-2.3,0.0
Simone Fontecchio,251,11.1,0.61,0.729,0.071,4.2,11.3,7.6,6.4,1.2,1.8,13.8,16.7,0.2,0.1,0.2,0.045,-0.4,-1.7,-2.2,0.0
Jordan Ford,14,14.1,0.595,0.4,0.4,0.0,8.3,4.0,10.0,0.0,0.0,0.0,17.8,0.0,0.0,0.0,0.13,1.5,-2.9,-1.4,0.0
Trent Forrest,31,6.5,0.41,0.0,0.5,3.5,0.0,1.8,25.9,0.0,0.0,17.0,7.7,0.0,0.0,0.0,0.031,-2.9,-2.5,-5.4,0.0
Evan Fournier,16,-3.3,0.167,0.667,0.0,0.0,7.1,3.4,8.2,3.1,0.0,0.0,15.9,-0.1,0.0,0.0,-0.13,-15.0,-0.7,-15.8,-0.1
De'Aaron Fox,435,24.2,0.596,0.383,0.365,2.9,12.0,7.2,28.8,2.0,0.8,7.5,32.6,1.2,0.4,1.6,0.176,5.3,-0.8,4.5,0.7
Alex Fudge,10,-10.3,0.2,0.2,0.0,11.8,0.0,5.5,0.0,0.0,0.0,16.7,26.2,-0.1,0.0,-0.1,-0.394,-14.9,-9.3,-24.2,-0.1
Markelle Fultz,143,13.6,0.493,0.054,0.071,6.4,7.3,6.9,20.9,2.0,1.3,9.4,18.7,0.1,0.2,0.3,0.098,-0.9,1.3,0.4,0.1
Daniel Gafford,400,17.9,0.709,0.0,0.352,10.9,21.0,15.9,7.9,1.3,6.6,15.3,13.1,0.9,0.3,1.2,0.142,-1.3,0.3,-1.0,0.1
Danilo Gallinari,246,16.1,0.596,0.446,0.402,3.9,17.3,10.5,13.2,0.6,1.0,6.1,19.7,0.5,0.0,0.5,0.097,0.7,-1.9,-1.2,0.0
Darius Garland,430,15.5,0.59,0.306,0.339,1.8,6.5,4.3,27.0,2.1,0.6,20.2,27.0,0.1,0.4,0.5,0.052,-0.3,-1.4,-1.8,0.0
Luka Garza,13,20.4,0.481,0.2,0.8,28.0,23.4,25.5,0.0,0.0,0.0,6.9,48.5,0.0,0.0,0.0,0.061,-5.6,-9.1,-14.8,0.0
Kaiser Gates,7,-19.3,0.0,0.5,0.0,0.0,15.3,7.7,0.0,0.0,0.0,0.0,24.3,-0.1,0.0,-0.1,-0.549,-18.4,-10.1,-28.6,-0.1
Keyonte George,452,10.6,0.508,0.578,0.299,2.1,11.5,6.6,27.4,1.1,0.4,17.9,19.3,0.1,0.1,0.2,0.02,-1.5,-2.5,-4.0,-0.2
Paul George,600,19.0,0.588,0.458,0.258,2.2,16.1,9.4,17.4,2.4,0.4,11.3,27.9,0.8,0.9,1.8,0.143,2.2,0.4,2.7,0.7
Josh Giddey,462,12.3,0.474,0.152,0.123,6.6,16.1,11.7,23.9,1.4,1.8,17.3,24.5,-0.6,0.6,0.1,0.01,-2.1,-0.7,-2.8,-0.1
Harry Giles,12,29.9,0.932,0.333,0.167,0.0,17.1,8.8,0.0,0.0,0.0,13.4,26.6,0.0,0.0,0.1,0.204,7.4,1.1,8.5,0.0
Shai Gilgeous-Alexander,548,30.8,0.635,0.168,0.351,3.1,15.2,9.7,31.5,3.3,2.5,8.8,33.4,2.2,1.1,3.3,0.289,7.4,3.2,10.6,1.7
Anthony Gill,68,13.5,0.593,0.15,0.6,6.2,14.5,10.3,9.6,2.0,3.6,21.7,20.0,0.0,0.0,0.0,0.02,-3.7,-1.2,-4.9,-0.1
Collin Gillespie,81,6.6,0.514,0.632,0.053,0.0,4.1,2.1,12.1,3.0,0.0,17.1,12.5,0.0,0.1,0.1,0.032,-6.2,0.8,-5.4,-0.1
Jacob Gilyard,229,11.7,0.619,0.886,0.023,2.7,6.2,4.4,26.1,1.9,0.4,15.3,9.7,0.4,0.2,0.6,0.12,-1.5,0.3,-1.2,0.0
Rudy Gobert,545,17.6,0.61,0.0,0.684,14.2,24.6,19.9,5.2,1.0,6.2,14.4,16.1,0.8,1.3,2.1,0.186,-0.6,1.9,1.2,0.4
Jordan Goodwin,302,14.5,0.504,0.486,0.128,7.6,16.5,12.3,19.1,2.5,1.7,10.8,18.5,0.2,0.4,0.6,0.097,0.4,0.7,1.1,0.2
Aaron Gordon,542,14.2,0.517,0.199,0.276,8.6,14.9,11.8,14.9,1.6,2.2,12.5,18.4,0.3,0.7,0.9,0.083,-0.5,-0.1,-0.7,0.2
Eric Gordon,535,13.3,0.595,0.586,0.069,1.4,5.9,3.7,14.2,1.6,1.4,10.3,18.9,0.6,0.3,0.9,0.081,0.4,-1.5,-1.1,0.1
Devonte' Graham,36,12.9,0.435,0.571,0.714,3.0,3.2,3.1,38.1,2.6,2.5,17.9,13.0,0.0,0.0,0.0,0.061,-2.2,0.7,-1.5,0.0
Jerami Grant,610,16.4,0.581,0.364,0.347,2.2,11.0,6.3,11.1,1.1,2.2,10.7,26.6,0.6,0.5,1.1,0.086,1.9,-0.9,1.0,0.5
A.J. Green,81,9.0,0.509,0.867,0.033,1.4,9.0,5.4,12.9,0.0,0.0,0.0,16.0,0.1,0.0,0.1,0.057,-1.7,-3.0,-4.7,-0.1
Danny Green,18,0.8,0.0,0.5,0.0,0.0,12.1,6.2,6.4,2.7,0.0,0.0,4.7,0.0,0.0,0.0,-0.032,-7.0,0.6,-6.3,0.0
Draymond Green,233,15.7,0.605,0.375,0.281,5.8,18.0,11.8,32.6,1.2,2.7,21.8,16.4,0.4,0.3,0.7,0.138,1.6,2.2,3.8,0.3
Jalen Green,510,15.3,0.558,0.413,0.36,1.3,13.8,7.7,16.3,1.0,1.3,11.4,27.5,0.2,0.6,0.8,0.076,0.8,-0.6,0.3,0.3
Jeff Green,236,15.3,0.665,0.344,0.557,6.2,11.0,8.7,6.0,0.6,2.8,9.5,15.8,0.5,0.3,0.8,0.159,0.5,0.1,0.6,0.2
Josh Green,423,8.8,0.538,0.606,0.162,2.5,10.4,6.4,11.3,1.6,0.6,11.7,12.1,0.2,0.2,0.4,0.048,-2.8,-0.4,-3.2,-0.1
AJ Griffin,101,3.4,0.443,0.727,0.061,2.1,8.8,5.4,3.7,0.5,0.0,10.6,15.3,-0.1,0.0,-0.1,-0.055,-3.8,-2.9,-6.7,-0.1
Quentin Grimes,356,6.9,0.535,0.83,0.011,0.9,5.4,3.1,7.4,1.6,0.0,8.7,12.3,0.1,0.4,0.5,0.07,-3.0,0.9,-2.1,0.0
Mouhamed Gueye,4,-0.6,0.0,1.0,0.0,0.0,0.0,0.0,0.0,11.8,0.0,0.0,10.2,0.0,0.0,0.0,-0.107,-12.3,3.9,-8.4,0.0
Rui Hachimura,279,15.3,0.611,0.34,0.272,5.1,12.5,9.0,6.4,1.9,0.9,9.4,19.9,0.3,0.3,0.6,0.111,-0.3,-0.3,-0.5,0.1
Tyrese Haliburton,503,28.5,0.673,0.486,0.276,1.6,11.1,6.4,48.9,1.3,1.4,11.6,26.5,2.8,0.1,2.9,0.275,10.6,-0.9,9.8,1.5
R.J. Hampton,2,-19.1,0.0,0.0,0.0,0.0,0.0,0.0,0.0,0.0,0.0,0.0,22.1,0.0,0.0,0.0,-0.53,-18.8,-7.4,-26.1,0.0
Tim Hardaway Jr.,468,14.6,0.576,0.654,0.16,1.4,11.9,6.6,8.4,0.4,0.0,5.4,23.7,0.6,0.1,0.7,0.072,1.8,-3.2,-1.4,0.1
James Harden,399,17.6,0.638,0.576,0.458,1.4,12.9,7.3,25.9,2.4,1.3,16.5,18.3,0.8,0.6,1.4,0.172,2.0,1.6,3.6,0.6
Jaden Hardy,146,12.2,0.493,0.434,0.303,2.9,12.0,7.4,13.8,1.3,0.0,8.5,27.4,-0.1,0.1,0.0,0.003,-2.7,-3.0,-5.7,-0.1
Ron Harper Jr.,4,-0.1,0.0,0.0,0.0,0.0,0.0,0.0,29.0,0.0,0.0,,0.0,0.0,0.0,0.0,0.117,-11.5,3.3,-8.3,0.0
Gary Harris,270,15.2,0.683,0.732,0.211,3.4,7.7,5.6,12.8,2.3,1.4,8.3,13.1,0.6,0.4,1.1,0.19,1.8,2.0,3.8,0.4
Joe Harris,98,4.0,0.48,0.76,0.0,2.2,5.7,3.9,8.0,1.0,0.0,10.7,11.8,0.0,0.0,0.0,-0.011,-5.4,-1.5,-6.9,-0.1
Tobias Harris,631,15.9,0.618,0.258,0.284,2.5,16.6,9.7,11.2,1.1,0.8,11.1,20.0,1.0,0.6,1.6,0.122,0.7,-0.8,-0.1,0.3
Shaquille Harrison,4,21.1,0.5,0.0,0.0,0.0,29.5,13.9,0.0,0.0,25.3,0.0,21.2,0.0,0.0,0.0,0.095,3.7,6.8,10.5,0.0
Josh Hart,482,11.5,0.529,0.437,0.092,3.7,20.2,11.7,13.0,1.7,1.0,10.8,12.2,0.4,0.8,1.2,0.115,-1.5,2.1,0.7,0.3
Isaiah Hartenstein,289,16.7,0.6,0.043,0.391,15.4,16.1,15.7,8.5,2.8,2.7,13.8,13.8,0.6,0.6,1.1,0.184,-1.7,2.1,0.4,0.2
Sam Hauser,410,13.8,0.661,0.891,0.047,4.1,11.4,8.0,5.1,1.1,1.3,6.4,14.9,0.8,0.6,1.4,0.16,2.1,0.6,2.8,0.5
Jordan Hawkins,544,11.6,0.558,0.675,0.198,3.1,12.2,7.7,9.7,0.9,0.0,8.4,19.6,0.4,0.4,0.8,0.073,-0.5,-1.6,-2.1,0.0
Jaxson Hayes,190,9.0,0.696,0.065,0.677,4.4,11.3,8.1,4.9,1.0,4.2,24.4,12.2,0.0,0.2,0.3,0.07,-5.4,0.8,-4.6,-0.1
Killian Hayes,449,11.3,0.468,0.34,0.174,1.2,9.9,5.5,22.8,2.1,2.0,7.7,15.5,0.2,0.3,0.5,0.053,-2.4,0.9,-1.5,0.1
Gordon Hayward,485,12.3,0.482,0.2,0.265,3.4,14.7,8.8,19.6,1.8,1.5,11.6,20.3,-0.1,0.2,0.1,0.013,-2.3,-0.7,-3.0,-0.1
Scoot Henderson,208,2.1,0.426,0.392,0.19,3.0,8.8,5.7,23.2,0.9,0.4,25.3,23.3,-0.7,0.1,-0.6,-0.14,-9.1,-2.2,-11.2,-0.5
Taylor Hendricks,2,16.6,0.568,0.0,0.0,0.0,56.6,27.3,0.0,0.0,0.0,0.0,18.1,0.0,0.0,0.0,0.139,-1.3,-1.4,-2.7,0.0
Tyler Herro,272,17.7,0.561,0.401,0.164,1.2,15.9,8.3,23.5,2.0,0.0,10.9,29.8,0.1,0.3,0.4,0.075,1.8,-0.3,1.5,0.2
Buddy Hield,391,14.6,0.612,0.686,0.04,2.3,11.1,6.7,13.7,1.2,1.7,12.3,21.2,0.4,0.1,0.5,0.056,2.5,-2.2,0.3,0.2
Haywood Highsmith,316,11.2,0.561,0.595,0.165,3.1,11.5,7.2,9.6,2.7,3.4,13.3,13.7,0.1,0.5,0.6,0.085,-2.1,1.6,-0.5,0.1
Nate Hinton,13,23.6,0.9,0.6,0.0,8.7,0.0,4.3,0.0,0.0,0.0,0.0,17.1,0.1,0.0,0.1,0.243,9.3,-3.3,6.0,0.0
D'Moi Hodge,29,2.2,0.379,0.818,0.182,0.0,0.0,0.0,9.1,1.7,3.0,7.8,19.4,-0.1,0.0,-0.1,-0.086,-6.9,-2.7,-9.6,-0.1
Aaron Holiday,258,10.5,0.559,0.507,0.096,0.9,10.1,5.6,14.9,1.5,0.4,7.3,14.1,0.2,0.3,0.5,0.102,-2.8,0.9,-1.8,0.0
Jrue Holiday,552,13.3,0.528,0.412,0.136,6.3,16.1,11.5,20.5,0.9,2.4,15.7,17.5,0.4,0.9,1.3,0.113,0.2,1.3,1.5,0.5
Justin Holiday,137,12.1,0.741,0.759,0.0,1.6,11.3,6.5,9.1,1.8,0.0,9.4,10.1,0.3,0.1,0.4,0.135,-0.3,0.2,-0.1,0.1
Richaun Holmes,88,8.8,0.489,0.0,0.4,14.7,23.6,19.1,4.4,0.0,2.9,17.5,13.8,0.0,0.1,0.1,0.037,-5.6,-2.0,-7.6,-0.1
Chet Holmgren,512,22.5,0.665,0.362,0.347,6.9,21.3,14.7,13.2,1.4,6.8,12.6,22.3,1.3,1.0,2.3,0.217,3.6,2.3,5.9,1.0
Jalen Hood-Schifino,22,6.0,0.519,0.571,0.857,0.0,4.7,2.5,18.8,0.0,0.0,17.2,23.1,0.0,0.0,0.0,-0.038,-6.9,-4.0,-10.9,0.0
Al Horford,413,13.2,0.577,0.638,0.032,6.8,20.0,13.8,14.0,1.0,3.5,13.6,11.6,0.6,0.8,1.3,0.154,0.4,2.8,3.2,0.5
Talen Horton-Tucker,406,10.2,0.458,0.417,0.149,2.6,12.5,7.4,30.0,1.9,2.0,17.1,21.9,-0.2,0.2,0.0,-0.005,-2.9,-0.8,-3.6,-0.2
Danuel House Jr.,127,7.4,0.537,0.516,0.323,3.5,8.6,6.1,8.2,1.9,0.7,20.3,14.8,-0.1,0.1,0.0,0.017,-3.9,-0.7,-4.6,-0.1
Caleb Houstan,79,14.8,0.835,0.944,0.222,2.9,16.2,9.5,8.7,1.2,0.0,13.2,12.1,0.2,0.1,0.3,0.202,2.6,1.4,4.0,0.1
Jett Howard,23,-10.9,0.1,0.8,0.0,5.0,5.0,5.0,10.7,0.0,0.0,16.7,21.9,-0.2,0.0,-0.2,-0.354,-13.7,-6.6,-20.3,-0.1
Kevin Huerter,441,14.4,0.572,0.628,0.093,2.9,16.3,9.3,16.6,1.4,1.0,7.3,18.6,0.6,0.4,1.0,0.106,1.2,-0.4,0.8,0.3
Jay Huff,2,36.4,1.0,0.0,0.0,0.0,0.0,0.0,0.0,0.0,0.0,0.0,21.5,0.0,0.0,0.0,0.303,14.0,0.4,14.4,0.0
De'Andre Hunter,517,12.4,0.6,0.473,0.308,2.7,12.4,7.5,6.0,1.4,1.2,10.4,18.2,0.7,0.2,0.8,0.077,-1.0,-0.8,-1.8,0.0
Bones Hyland,197,10.1,0.547,0.54,0.115,1.1,6.4,3.9,18.3,1.7,0.0,17.2,24.1,-0.1,0.2,0.1,0.017,-3.1,-2.0,-5.1,-0.2
Joe Ingles,337,10.9,0.556,0.632,0.132,2.7,13.4,8.1,23.0,2.3,0.6,20.0,11.2,0.3,0.6,0.8,0.121,-1.7,2.4,0.7,0.2
Brandon Ingram,542,18.5,0.572,0.237,0.237,1.8,14.5,8.1,25.6,0.9,0.5,10.9,29.5,0.6,0.5,1.1,0.094,1.9,-1.0,0.9,0.4
Kyrie Irving,464,22.2,0.58,0.366,0.198,2.3,11.1,6.7,26.9,1.6,0.9,6.6,29.1,1.2,0.3,1.5,0.156,5.1,-0.8,4.3,0.7
Jonathan Isaac,194,19.1,0.552,0.479,0.394,10.1,26.9,18.5,3.7,3.2,8.6,10.7,20.2,0.2,0.6,0.7,0.177,-0.5,3.5,3.0,0.2
Jaden Ivey,327,14.4,0.614,0.369,0.336,4.3,8.8,6.5,20.6,1.6,1.2,18.1,21.7,0.3,0.1,0.4,0.064,-0.7,-1.0,-1.7,0.0
Andre Jackson Jr.,117,9.4,0.789,0.526,0.0,8.8,8.9,8.8,10.7,1.2,0.0,26.9,9.4,0.2,0.0,0.2,0.098,-2.2,-0.6,-2.8,0.0
Gregory Jackson II,7,-12.4,0.0,0.5,0.0,14.9,33.8,23.8,0.0,6.9,0.0,20.0,30.3,-0.1,0.0,-0.1,-0.589,-20.3,-4.9,-25.2,0.0
Isaiah Jackson,126,17.7,0.572,0.032,0.677,14.6,22.7,18.6,7.3,1.5,10.4,11.1,14.7,0.2,0.2,0.4,0.155,-2.4,1.9,-0.5,0.0
Jaren Jackson Jr.,536,15.9,0.528,0.315,0.397,6.2,15.9,10.8,10.0,0.9,5.8,9.3,27.4,0.1,0.6,0.8,0.069,-1.1,-0.4,-1.6,0.0
Reggie Jackson,502,14.9,0.582,0.382,0.131,1.8,8.8,5.3,23.0,1.5,1.2,13.2,20.8,0.5,0.5,1.0,0.096,0.5,-0.9,-0.3,0.2
Trayce Jackson-Davis,102,13.7,0.591,0.0,1.136,11.1,12.7,11.9,8.2,0.9,6.1,15.4,15.9,0.1,0.1,0.2,0.117,-3.1,1.4,-1.6,0.0
LeBron James,600,24.9,0.647,0.34,0.343,2.8,20.8,12.4,32.7,2.0,1.9,15.3,29.9,1.2,0.9,2.2,0.174,6.1,1.7,7.8,1.5
Jaime Jaquez Jr.,472,14.4,0.605,0.348,0.106,5.4,11.4,8.3,15.3,2.0,0.8,13.4,18.2,0.5,0.5,1.0,0.106,-0.7,0.0,-0.7,0.2
DaQuan Jeffries,19,2.4,0.394,0.5,0.25,0.0,17.9,8.7,7.9,0.0,0.0,10.1,22.0,-0.1,0.0,0.0,-0.099,-6.2,-1.8,-7.9,0.0
Ty Jerome,15,7.9,0.5,0.25,0.0,7.6,0.0,3.6,27.4,0.0,0.0,20.0,14.5,0.0,0.0,0.0,0.031,-4.1,-1.1,-5.2,0.0
Isaiah Joe,352,16.3,0.671,0.797,0.188,0.3,10.1,5.7,8.3,2.1,0.8,6.1,18.2,0.7,0.4,1.2,0.163,3.1,0.6,3.6,0.5
Cameron Johnson,292,17.0,0.6,0.53,0.188,5.6,15.1,10.5,14.9,1.7,0.3,10.6,20.8,0.5,0.3,0.8,0.129,2.2,-0.4,1.8,0.3
Jalen Johnson,449,17.4,0.673,0.28,0.231,4.8,21.9,13.2,11.2,1.8,2.9,16.0,17.0,0.7,0.4,1.1,0.121,1.4,0.9,2.3,0.5
Keldon Johnson,525,15.0,0.562,0.428,0.219,3.2,18.5,10.5,19.4,1.1,0.9,7.5,20.3,0.6,0.2,0.8,0.072,0.6,-1.2,-0.6,0.2
Keyontae Johnson,6,-6.1,0.0,0.0,0.0,0.0,0.0,0.0,0.0,0.0,0.0,0.0,7.2,0.0,0.0,0.0,-0.17,-10.8,-6.4,-17.2,0.0
Nikola Jokić,607,34.6,0.641,0.212,0.306,11.3,31.9,21.6,47.3,1.7,1.8,11.9,32.8,3.1,1.0,4.1,0.327,11.5,4.2,15.7,2.7
Colby Jones,70,9.5,0.495,0.286,0.107,9.1,13.2,11.1,4.3,1.4,1.3,12.0,20.2,-0.1,0.1,0.0,-0.002,-4.4,-1.8,-6.2,-0.1
Damian Jones,51,8.0,0.507,0.0,0.25,8.9,12.2,10.6,7.5,1.0,3.4,25.3,10.1,0.0,0.1,0.0,0.034,-4.9,-0.3,-5.2,0.0
Derrick Jones Jr.,381,12.7,0.617,0.578,0.211,4.8,12.6,8.7,5.9,1.1,2.7,11.2,14.9,0.4,0.3,0.7,0.085,-0.3,-0.9,-1.2,0.1
Herbert Jones,494,13.6,0.635,0.443,0.352,2.4,11.5,6.9,12.4,2.7,4.1,16.1,14.4,0.5,0.7,1.3,0.123,-1.7,2.5,0.8,0.4
Tre Jones,336,12.6,0.52,0.283,0.222,2.9,11.5,7.0,28.9,1.7,1.1,15.5,16.0,0.2,0.1,0.3,0.046,-1.9,-0.8,-2.7,-0.1
Tyus Jones,483,14.4,0.552,0.325,0.077,1.3,10.0,5.6,24.2,1.5,0.3,6.4,16.3,0.7,0.0,0.7,0.069,-0.5,-1.4,-1.9,0.0
DeAndre Jordan,64,19.0,0.654,0.0,1.2,10.4,25.9,18.2,15.0,1.5,1.3,14.9,18.1,0.1,0.1,0.2,0.154,0.5,0.9,1.4,0.1
Cory Joseph,71,8.0,0.409,0.667,0.238,2.9,7.6,5.2,29.9,2.0,1.3,17.7,16.5,0.0,0.1,0.0,0.017,-3.3,0.0,-3.2,0.0
Nikola Jović,45,12.7,0.549,0.545,0.364,2.5,51.9,26.5,27.0,1.1,0.0,23.9,16.5,0.0,0.1,0.1,0.104,-2.0,4.6,2.6,0.1
Luke Kennard,172,11.5,0.54,0.793,0.121,1.8,13.7,7.4,13.7,1.4,0.6,7.6,16.3,0.1,0.2,0.3,0.075,-0.3,-0.1,-0.5,0.1
Walker Kessler,266,16.8,0.565,0.111,0.21,14.6,22.6,18.5,3.9,0.4,9.2,11.9,15.5,0.3,0.2,0.5,0.095,-1.5,-0.2,-1.7,0.0
Braxton Key,15,5.7,0.255,0.4,0.4,0.0,22.1,11.1,39.3,0.0,0.0,0.0,16.9,0.0,0.0,0.0,0.002,-6.1,0.1,-6.0,0.0
Corey Kispert,389,11.4,0.597,0.642,0.241,2.5,10.1,6.2,8.8,1.0,0.0,10.1,18.2,0.3,0.0,0.2,0.03,-1.3,-2.8,-4.1,-0.2
Maxi Kleber,90,6.3,0.417,0.563,0.625,4.8,20.7,12.7,13.1,0.5,0.9,16.4,11.5,0.0,0.1,0.0,0.013,-3.8,-0.3,-4.1,0.0
Kevin Knox,116,13.0,0.643,0.5,0.053,4.6,15.3,9.9,3.8,1.7,0.7,9.3,15.3,0.1,0.1,0.2,0.081,0.0,-1.0,-1.0,0.0
John Konchar,243,10.0,0.444,0.581,0.047,6.4,19.4,12.5,12.2,1.6,3.7,8.4,8.4,0.1,0.3,0.4,0.084,-3.0,1.3,-1.6,0.0
Furkan Korkmaz,88,10.4,0.533,0.462,0.269,1.3,7.5,4.4,9.1,4.4,0.0,17.1,16.8,-0.1,0.1,0.1,0.038,-3.5,2.5,-1.1,0.0
Luke Kornet,176,19.4,0.824,0.0,0.313,10.9,16.8,14.0,5.6,2.0,4.6,12.1,10.2,0.6,0.4,0.9,0.253,1.3,3.1,4.4,0.3
Jonathan Kuminga,337,10.3,0.513,0.235,0.418,4.0,11.5,7.7,7.4,1.3,1.6,11.7,25.3,-0.2,0.3,0.1,0.009,-4.4,-1.2,-5.7,-0.3
Kyle Kuzma,557,19.2,0.559,0.335,0.178,3.2,18.0,10.5,25.1,0.4,1.5,9.8,31.5,0.4,0.1,0.5,0.039,2.8,-2.5,0.4,0.3
Jock Landale,110,7.0,0.432,0.385,0.154,9.3,13.8,11.6,9.4,1.8,1.7,22.4,14.4,-0.1,0.2,0.0,0.01,-5.2,-0.2,-5.3,-0.1
Jake LaRavia,61,3.2,0.407,0.6,0.1,5.1,9.7,7.3,4.8,0.8,0.0,8.7,15.9,-0.1,0.0,-0.1,-0.049,-8.1,-2.6,-10.7,-0.1
Zach LaVine,635,16.2,0.566,0.43,0.275,1.0,15.3,7.7,15.9,1.3,0.7,9.7,25.9,0.5,0.3,0.9,0.067,1.0,-1.1,-0.2,0.3
Saben Lee,10,30.7,0.5,0.167,0.0,24.1,10.8,17.1,56.0,0.0,8.4,0.0,26.0,0.1,0.0,0.1,0.295,7.0,0.2,7.2,0.0
Alex Len,41,24.9,0.677,0.125,0.875,18.1,25.4,21.6,17.2,1.2,10.8,15.3,13.5,0.1,0.1,0.2,0.241,3.8,3.0,6.8,0.1
Kawhi Leonard,579,20.3,0.575,0.333,0.247,3.1,15.1,9.3,16.3,2.4,2.0,7.5,25.9,1.0,0.9,2.0,0.162,3.0,0.8,3.8,0.8
Caris LeVert,460,13.7,0.515,0.407,0.245,1.5,11.5,6.7,17.6,1.7,1.1,8.1,23.2,0.2,0.5,0.6,0.067,-1.2,0.0,-1.2,0.1
Kira Lewis Jr.,121,8.0,0.405,0.349,0.209,2.7,6.2,4.4,19.6,2.0,0.8,9.6,18.2,-0.1,0.1,0.0,-0.003,-5.0,-0.3,-5.3,-0.1
Maxwell Lewis,36,-4.2,0.0,0.0,0.0,3.3,2.8,3.0,6.4,2.7,0.0,50.0,9.7,-0.2,0.0,-0.1,-0.187,-10.3,-2.3,-12.6,-0.1
E.J. Liddell,9,4.2,0.41,0.75,0.5,0.0,23.9,11.9,0.0,0.0,10.8,17.0,27.7,0.0,0.0,0.0,-0.138,-8.7,0.1,-8.6,0.0
Damian Lillard,549,22.9,0.608,0.507,0.543,2.3,11.4,7.0,27.1,1.4,0.2,10.2,29.5,1.9,0.3,2.2,0.188,4.9,-1.8,3.1,0.7
Nassir Little,177,15.4,0.641,0.6,0.28,4.1,12.8,8.7,5.7,2.5,3.3,6.6,14.7,0.3,0.2,0.6,0.151,0.1,0.5,0.6,0.1
Dereck Lively II,365,16.7,0.712,0.026,0.289,13.0,20.4,16.6,7.4,1.0,4.0,14.9,11.7,0.9,0.4,1.3,0.17,-1.1,-0.1,-1.2,0.1
Isaiah Livers,94,7.0,0.549,0.677,0.129,2.3,9.5,5.8,8.8,0.5,0.0,15.5,17.1,0.0,0.0,0.0,-0.009,-3.0,-3.1,-6.1,-0.1
Chris Livingston,9,24.2,1.25,0.5,0.0,0.0,0.0,0.0,16.4,0.0,0.0,0.0,9.4,0.1,0.0,0.1,0.284,11.1,-0.5,10.6,0.0
Kenneth Lofton Jr.,92,7.3,0.451,0.25,0.406,2.3,12.8,7.2,19.8,1.1,3.3,13.7,20.2,-0.1,0.1,0.0,-0.022,-6.2,-0.1,-6.4,-0.1
Kevon Looney,433,15.5,0.623,0.0,0.307,13.4,25.9,19.5,16.0,1.7,1.2,17.5,9.9,0.9,0.6,1.5,0.168,-0.1,1.9,1.8,0.4
Brook Lopez,523,17.8,0.615,0.489,0.172,5.7,13.2,9.6,6.0,1.4,8.2,7.6,17.0,0.9,0.6,1.5,0.138,1.2,1.2,2.4,0.6
Robin Lopez,9,3.4,1.136,0.0,0.0,0.0,0.0,0.0,12.3,0.0,0.0,53.2,8.9,0.0,0.0,0.0,0.045,-6.7,0.2,-6.6,0.0
Kevin Love,212,14.3,0.519,0.705,0.282,7.3,37.5,22.0,16.2,0.2,0.0,8.4,20.0,0.2,0.3,0.5,0.113,0.3,-0.8,-0.5,0.1
Kyle Lowry,503,13.1,0.626,0.681,0.151,3.3,12.5,7.8,21.1,2.3,0.8,16.5,13.4,0.7,0.6,1.3,0.128,-0.7,1.3,0.6,0.3
Trey Lyles,88,8.2,0.561,0.8,0.48,7.2,26.3,16.3,3.1,0.0,1.0,18.8,18.0,-0.1,0.1,0.0,0.006,-2.6,-2.4,-4.9,-0.1
Théo Maledon,200,4.1,0.379,0.455,0.182,2.1,10.7,6.2,17.8,1.7,0.0,17.4,18.1,-0.4,0.0,-0.4,-0.099,-7.6,-2.1,-9.7,-0.4
Sandro Mamukelashvili,49,13.4,0.546,0.417,0.5,10.9,16.7,13.6,18.9,1.9,1.9,17.0,15.1,0.1,0.0,0.1,0.085,-2.8,-0.2,-3.0,0.0
Terance Mann,288,9.8,0.509,0.4,0.2,4.7,11.7,8.3,11.6,1.5,1.5,9.0,11.6,0.2,0.4,0.5,0.09,-3.1,0.8,-2.2,0.0
Tre Mann,44,17.7,0.651,0.444,0.056,8.3,18.5,13.8,20.6,1.1,0.0,21.3,23.2,0.0,0.1,0.1,0.111,1.7,-0.8,0.9,0.0
Boban Marjanović,20,22.5,0.53,0.111,0.111,11.3,32.5,22.1,24.8,0.0,4.7,0.0,21.0,0.0,0.0,0.1,0.209,1.8,1.7,3.5,0.0
Lauri Markkanen,512,21.7,0.625,0.508,0.298,7.4,20.8,13.9,5.2,1.6,2.3,6.6,24.5,1.4,0.3,1.8,0.165,4.7,-1.6,3.1,0.6
Naji Marshall,218,16.0,0.606,0.448,0.358,5.9,17.7,11.8,15.7,2.0,1.8,14.4,17.6,0.3,0.3,0.6,0.133,0.5,0.8,1.3,0.2
Caleb Martin,169,9.6,0.451,0.389,0.069,4.6,11.7,8.1,9.7,2.3,0.0,6.3,20.8,-0.2,0.2,0.0,0.011,-4.4,-1.1,-5.5,-0.1
KJ Martin,72,4.3,0.458,0.353,0.353,4.7,10.5,7.6,7.1,2.0,1.2,20.3,14.6,-0.1,0.1,0.0,-0.016,-8.2,-0.6,-8.7,-0.1
KJ Martin,31,7.1,0.46,0.5,0.2,3.6,6.8,5.2,4.5,3.1,2.9,15.5,17.8,-0.1,0.0,0.0,-0.012,-7.2,0.2,-6.9,0.0
KJ Martin,41,2.1,0.457,0.143,0.571,5.5,13.3,9.5,9.1,1.2,0.0,25.5,12.1,0.0,0.0,0.0,-0.02,-8.9,-1.2,-10.1,-0.1
Garrison Mathews,28,10.1,0.643,1.0,0.0,3.8,15.8,9.7,4.5,0.0,0.0,0.0,10.2,0.1,0.0,0.1,0.098,-0.4,-1.0,-1.5,0.0
Bennedict Mathurin,394,12.6,0.526,0.314,0.269,5.5,11.6,8.6,9.8,1.3,0.6,8.9,22.3,0.2,0.0,0.2,0.028,-1.5,-2.9,-4.4,-0.2
Wesley Matthews,68,5.3,0.511,0.929,0.429,3.1,11.4,7.2,8.9,0.7,0.0,10.7,11.2,0.0,0.0,0.0,0.024,-4.2,-1.0,-5.2,-0.1
Tyrese Maxey,691,22.1,0.596,0.409,0.272,1.9,11.2,6.7,27.6,1.1,1.5,6.4,26.6,2.4,0.5,2.9,0.202,6.0,-0.8,5.2,1.3
Skylar Mays,273,13.4,0.488,0.387,0.123,1.5,8.9,4.9,36.0,2.0,0.7,11.8,19.6,0.1,0.2,0.4,0.068,-0.9,-0.6,-1.5,0.0
Miles McBride,54,13.4,0.587,0.765,0.118,2.0,4.2,3.0,8.2,3.7,0.0,0.0,14.0,0.1,0.1,0.2,0.174,-2.3,4.2,2.0,0.1
CJ McCollum,234,20.6,0.573,0.5,0.293,2.7,12.4,7.6,25.4,2.3,2.5,7.1,25.6,0.5,0.3,0.8,0.167,4.0,1.5,5.5,0.4
T.J. McConnell,154,18.7,0.56,0.102,0.237,5.2,15.6,10.4,33.7,2.4,0.9,13.3,19.9,0.4,0.1,0.4,0.135,1.4,0.0,1.3,0.1
Jaden McDaniels,260,11.3,0.657,0.367,0.025,3.3,6.6,5.1,8.0,1.1,1.3,12.1,15.2,0.3,0.4,0.7,0.121,-1.8,0.8,-1.0,0.1
Jalen McDaniels,131,3.0,0.35,0.476,0.048,2.4,11.1,6.6,7.9,1.9,2.0,12.3,15.8,-0.3,0.2,-0.2,-0.058,-7.7,0.1,-7.6,-0.2
Doug McDermott,283,11.0,0.661,0.747,0.076,1.1,6.6,3.7,15.1,1.0,0.6,12.8,13.9,0.3,0.0,0.3,0.056,-0.5,-1.6,-2.1,0.0
JaVale McGee,145,21.0,0.665,0.019,0.352,16.1,28.0,21.7,7.9,1.3,4.9,21.4,23.2,0.1,0.2,0.3,0.114,0.0,-0.3,-0.3,0.1
Bryce McGowens,167,7.6,0.571,0.686,0.286,2.5,12.2,7.1,6.0,1.7,0.5,15.1,11.7,0.0,0.0,0.1,0.023,-4.1,-0.2,-4.3,-0.1
Jordan McLaughlin,19,14.7,0.512,0.5,0.5,0.0,0.0,0.0,33.0,0.0,9.1,0.0,11.2,0.1,0.0,0.1,0.211,3.8,4.1,7.9,0.0
De'Anthony Melton,538,13.6,0.556,0.572,0.261,3.1,11.6,7.4,17.1,2.2,1.2,10.3,17.5,0.7,0.6,1.3,0.114,0.3,0.4,0.7,0.4
Sam Merrill,73,7.4,0.5,0.875,0.0,3.1,5.7,4.5,9.1,1.3,0.0,7.7,15.5,0.0,0.0,0.1,0.033,-2.9,-1.9,-4.8,0.0
Chimezie Metu,74,11.3,0.643,0.4,0.2,3.3,17.6,10.8,5.9,0.7,3.4,12.1,14.5,0.1,0.1,0.1,0.097,-3.5,-0.3,-3.8,0.0
Vasilije Micić,98,6.2,0.507,0.583,0.25,0.0,4.2,2.3,28.2,0.5,0.0,27.3,16.3,-0.1,0.1,0.0,-0.009,-4.2,-3.8,-8.0,-0.2
Khris Middleton,281,18.4,0.564,0.387,0.197,4.5,17.8,11.4,29.6,1.5,0.3,12.9,25.8,0.4,0.2,0.7,0.113,1.5,-0.7,0.8,0.2
Brandon Miller,461,12.3,0.559,0.374,0.179,4.3,10.1,7.1,9.0,1.0,1.2,8.5,19.3,0.4,0.0,0.4,0.044,-1.4,-1.9,-3.3,-0.1
Jordan Miller,7,17.8,0.833,0.333,0.0,0.0,0.0,0.0,0.0,0.0,0.0,0.0,18.4,0.0,0.0,0.0,0.195,0.7,-1.5,-0.8,0.0
Leonard Miller,6,20.7,0.5,0.0,0.0,0.0,100.0,55.2,24.4,0.0,0.0,0.0,14.5,0.0,0.0,0.0,0.283,-3.7,7.8,4.1,0.0
Dariq Whitehead,3,19.7,0.568,0.0,0.0,0.0,0.0,0.0,0.0,0.0,30.4,0.0,12.6,0.0,0.0,0.0,0.164,4.4,6.7,11.1,0.0
Patty Mills,5,18.1,0.75,0.5,0.0,0.0,22.1,10.9,0.0,0.0,0.0,0.0,16.3,0.0,0.0,0.0,0.155,3.0,-0.1,2.9,0.0
Shake Milton,267,7.8,0.497,0.402,0.378,1.8,11.4,7.0,12.3,2.0,1.0,17.3,18.8,-0.3,0.5,0.2,0.036,-5.6,1.1,-4.5,-0.2
Justin Minaya,30,8.2,0.509,0.667,0.333,13.9,4.1,9.4,0.0,0.0,3.0,12.7,11.1,0.0,0.0,0.0,0.036,-0.8,-4.0,-4.7,0.0
Josh Minott,23,14.1,0.509,0.417,0.333,5.3,8.8,7.2,7.4,0.0,3.8,0.0,26.0,0.0,0.0,0.0,0.098,-3.9,-1.2,-5.1,0.0
Davion Mitchell,237,7.2,0.487,0.594,0.13,0.4,7.8,4.0,20.8,1.0,0.7,15.1,15.4,0.0,0.1,0.1,0.016,-3.9,-1.2,-5.0,-0.2
Donovan Mitchell,466,23.2,0.586,0.402,0.283,2.9,12.9,8.1,24.7,2.6,1.3,9.6,32.0,1.0,0.6,1.6,0.163,4.9,1.3,6.2,1.0
Evan Mobley,599,19.7,0.604,0.041,0.276,9.8,25.0,17.7,13.9,1.1,4.9,13.8,20.5,0.9,1.0,1.9,0.155,0.2,1.7,1.9,0.6
Isaiah Mobley,10,8.2,0.333,0.333,0.0,0.0,20.8,10.8,39.3,4.9,0.0,25.0,17.4,0.0,0.0,0.0,-0.008,-7.5,4.3,-3.2,0.0
Malik Monk,412,15.9,0.573,0.564,0.293,2.6,11.0,6.6,27.8,1.3,1.9,15.3,24.9,0.4,0.3,0.8,0.088,2.5,-1.1,1.4,0.4
Moses Moody,317,15.3,0.608,0.524,0.2,6.2,13.9,10.0,9.3,2.1,1.4,8.8,16.4,0.5,0.4,0.8,0.128,1.2,0.8,2.0,0.3
Wendell Moore Jr.,2,-18.6,0.0,1.0,0.0,0.0,0.0,0.0,0.0,0.0,0.0,0.0,21.7,0.0,0.0,0.0,-0.483,-19.5,-9.4,-28.8,0.0
Marcus Morris,117,10.8,0.589,0.513,0.051,3.8,13.1,8.5,5.9,1.2,3.0,11.1,16.2,0.1,0.1,0.2,0.081,-1.5,-0.4,-2.0,0.0
Markieff Morris,9,-7.7,0.167,0.667,0.0,0.0,12.2,6.0,14.2,0.0,0.0,0.0,28.3,-0.1,0.0,-0.1,-0.398,-13.2,-8.9,-22.1,0.0
Dejounte Murray,580,16.3,0.549,0.366,0.197,2.4,11.4,6.8,23.0,2.2,0.8,12.4,24.3,0.7,0.3,0.9,0.077,1.0,-0.7,0.3,0.3
Jamal Murray,238,16.1,0.535,0.36,0.216,1.4,9.8,5.6,33.7,0.4,1.8,11.6,24.9,0.3,0.2,0.5,0.104,2.0,-2.2,-0.1,0.1
Keegan Murray,430,11.6,0.498,0.573,0.122,5.9,15.1,10.3,8.5,2.0,1.6,8.0,18.5,0.0,0.4,0.4,0.05,-1.7,-0.9,-2.6,-0.1
Kris Murray,88,6.2,0.405,0.6,0.25,4.7,5.5,5.1,4.7,2.8,1.0,4.3,11.2,0.0,0.1,0.0,0.025,-5.5,0.0,-5.6,-0.1
Mike Muscala,82,8.1,0.554,0.526,0.211,2.6,22.6,12.5,11.9,0.6,3.0,25.2,14.3,-0.1,0.0,0.0,-0.02,-4.9,-0.6,-5.5,-0.1
Svi Mykhailiuk,59,3.7,0.471,0.824,0.0,1.9,6.9,4.5,2.2,2.5,0.0,19.0,15.4,-0.1,0.1,0.0,-0.024,-7.2,0.1,-7.1,-0.1
Larry Nance Jr.,211,9.8,0.538,0.262,0.19,9.1,20.4,14.7,6.1,2.0,1.8,22.2,11.8,-0.1,0.3,0.3,0.058,-3.7,0.9,-2.8,0.0
Andrew Nembhard,243,12.7,0.541,0.34,0.053,4.3,8.0,6.1,26.1,2.1,0.0,17.2,19.5,0.2,0.0,0.2,0.038,-1.4,-1.4,-2.8,-0.1
Aaron Nesmith,328,13.6,0.645,0.544,0.243,4.2,11.2,7.7,5.1,1.8,1.8,6.6,15.2,0.6,0.1,0.7,0.101,0.1,-0.9,-0.8,0.1
Georges Niang,405,8.2,0.524,0.603,0.074,1.4,17.9,10.0,6.8,0.6,0.4,7.3,16.2,0.0,0.4,0.4,0.048,-3.3,-0.5,-3.8,-0.2
Daishen Nix,10,20.3,0.833,0.333,0.0,0.0,0.0,0.0,0.0,4.8,0.0,0.0,13.0,0.0,0.0,0.0,0.231,3.7,6.0,9.6,0.0
Zeke Nnaji,199,12.3,0.553,0.137,0.549,12.8,11.7,12.3,5.1,0.7,4.3,13.6,15.9,0.2,0.2,0.4,0.092,-2.5,-1.4,-3.9,-0.1
Jaylen Nowell,33,2.6,0.2,0.4,0.0,6.3,17.9,11.8,16.4,0.0,0.0,0.0,12.9,-0.1,0.0,-0.1,-0.08,-7.7,-2.4,-10.1,-0.1
Markquis Nowell,4,56.5,0.532,0.0,2.0,52.1,0.0,26.9,57.9,12.1,0.0,0.0,19.9,0.0,0.0,0.1,0.696,29.1,14.8,43.9,0.0
Jusuf Nurkić,498,17.9,0.557,0.273,0.407,12.6,25.2,19.2,20.8,1.9,4.0,16.5,18.4,0.8,0.8,1.6,0.15,0.0,1.5,1.6,0.4
Jordan Nwora,73,10.8,0.489,0.441,0.118,9.4,14.1,11.8,10.3,2.5,1.0,16.4,23.9,-0.1,0.0,-0.1,-0.036,-3.0,-3.1,-6.1,-0.1
Royce O'Neale,508,10.4,0.551,0.844,0.047,2.6,16.2,9.6,13.9,1.3,2.7,12.1,12.6,0.4,0.5,0.9,0.084,-1.0,1.2,0.2,0.3
Chuma Okeke,32,11.3,0.5,0.727,0.0,10.8,14.5,12.6,12.8,0.0,0.0,8.3,15.7,0.0,0.0,0.1,0.097,1.3,-2.1,-0.9,0.0
Josh Okogie,391,12.2,0.569,0.425,0.575,9.3,8.9,9.0,7.2,1.9,1.3,12.1,13.7,0.5,0.3,0.8,0.102,-1.3,-0.6,-1.8,0.0
Onyeka Okongwu,387,17.7,0.663,0.165,0.412,12.4,19.7,16.0,8.2,1.2,3.4,10.9,13.5,1.1,0.3,1.4,0.169,0.8,0.1,0.9,0.3
Isaac Okoro,218,11.4,0.568,0.309,0.273,7.3,9.5,8.4,9.3,1.6,2.4,12.7,14.1,0.2,0.2,0.4,0.09,-2.5,1.1,-1.4,0.0
Kelly Olynyk,386,16.4,0.717,0.395,0.407,9.5,19.4,14.3,24.5,2.0,0.9,26.8,13.9,0.8,0.3,1.1,0.133,0.4,0.9,1.3,0.3
Eugene Omoruyi,75,30.2,0.732,0.306,0.444,12.7,17.5,15.1,17.5,3.1,1.1,12.2,27.5,0.3,0.1,0.4,0.246,7.3,0.2,7.5,0.2
Cedi Osman,326,11.8,0.616,0.573,0.109,2.9,9.3,6.0,9.3,1.2,0.8,8.7,16.2,0.3,0.0,0.4,0.053,-0.8,-1.6,-2.4,0.0
Kelly Oubre Jr.,232,17.4,0.611,0.394,0.298,5.3,14.1,9.8,3.2,2.3,1.1,6.2,20.6,0.4,0.3,0.7,0.147,1.6,-0.2,1.4,0.2
Chris Paul,483,15.5,0.518,0.448,0.196,1.1,13.4,7.1,37.6,2.7,0.2,11.4,15.1,0.9,0.6,1.5,0.15,0.3,1.8,2.1,0.5
Cameron Payne,313,10.3,0.626,0.573,0.073,0.4,7.7,4.2,18.1,1.2,0.5,15.1,13.5,0.4,0.1,0.5,0.08,-2.0,-0.9,-2.9,-0.1
Gary Payton II,242,12.6,0.554,0.394,0.127,6.4,12.9,9.6,7.7,3.4,1.5,10.7,14.4,0.1,0.3,0.5,0.098,-1.9,2.4,0.5,0.2
Filip Petrušev,10,5.3,0.521,0.0,1.0,0.0,10.9,5.5,0.0,0.0,0.0,0.0,12.2,0.0,0.0,0.0,0.026,-4.4,-3.7,-8.1,0.0
Filip Petrušev,3,4.1,0.0,0.0,0.0,0.0,36.4,18.5,0.0,0.0,0.0,,0.0,0.0,0.0,0.0,0.055,-2.5,-2.6,-5.1,0.0
Filip Petrušev,7,5.8,0.521,0.0,1.0,0.0,0.0,0.0,0.0,0.0,0.0,0.0,17.5,0.0,0.0,0.0,0.013,-5.2,-4.2,-9.4,0.0
Julian Phillips,31,-4.8,0.232,0.444,0.444,0.0,15.3,7.2,4.3,0.0,0.0,8.5,16.8,-0.2,0.0,-0.1,-0.227,-12.9,-5.3,-18.2,-0.1
Jalen Pickett,74,8.8,0.599,0.7,0.1,1.5,13.4,7.5,11.9,2.0,0.0,22.3,15.6,0.0,0.1,0.1,0.039,-3.0,-0.8,-3.8,0.0
Mason Plumlee,102,13.7,0.596,0.0,0.737,8.8,25.8,17.5,8.0,1.9,0.9,16.6,12.7,0.1,0.2,0.3,0.123,-1.5,0.6,-0.9,0.0
Brandin Podziemski,195,12.5,0.552,0.422,0.203,5.8,19.4,12.4,19.2,1.5,0.0,15.7,17.7,0.1,0.2,0.3,0.085,-0.6,0.7,0.1,0.1
Jakob Poeltl,505,19.4,0.715,0.0,0.259,10.7,23.4,16.8,13.4,1.6,3.3,18.0,15.4,1.0,0.8,1.8,0.173,0.3,2.0,2.3,0.5
Aleksej Pokusevski,31,3.3,0.338,0.75,0.25,7.8,16.4,12.5,19.6,0.0,2.9,25.3,16.7,-0.1,0.0,0.0,-0.065,-7.6,-1.1,-8.7,-0.1
Jordan Poole,498,10.8,0.508,0.432,0.227,1.9,8.1,5.0,16.8,1.9,1.2,14.4,28.7,-0.8,0.1,-0.7,-0.071,-3.9,-2.9,-6.8,-0.6
Craig Porter Jr.,174,18.2,0.614,0.106,0.333,2.0,11.9,7.2,26.5,2.0,2.5,15.6,22.4,0.3,0.2,0.5,0.129,0.3,1.2,1.5,0.2
Michael Porter Jr.,592,17.1,0.596,0.563,0.104,6.4,21.8,14.1,7.5,0.8,2.0,7.3,22.0,0.9,0.7,1.6,0.128,2.4,-1.7,0.8,0.4
Otto Porter Jr.,110,10.0,0.597,0.696,0.043,5.7,16.2,10.8,1.2,1.3,2.4,4.1,9.4,0.1,0.1,0.3,0.11,-2.6,0.0,-2.5,0.0
Bobby Portis,425,15.1,0.546,0.257,0.189,6.2,22.3,14.6,7.4,1.7,2.0,8.7,20.8,0.3,0.5,0.7,0.081,-1.5,-0.7,-2.2,0.0
Kristaps Porziņģis,454,22.0,0.663,0.413,0.447,5.5,17.5,11.8,9.5,1.1,4.9,8.1,22.3,1.4,0.9,2.3,0.244,3.2,2.5,5.7,0.9
Dwight Powell,238,16.2,0.792,0.034,1.241,9.5,13.8,11.6,11.5,1.0,2.9,11.8,9.1,0.9,0.2,1.0,0.205,0.5,0.6,1.1,0.2
Norman Powell,404,14.5,0.639,0.493,0.319,0.8,8.3,4.7,6.9,1.4,2.0,8.9,19.2,0.7,0.5,1.1,0.134,0.3,0.1,0.3,0.2
Taurean Prince,507,7.1,0.521,0.556,0.119,1.4,6.7,4.2,6.6,0.9,1.4,7.2,13.2,0.0,0.4,0.4,0.035,-3.7,-0.5,-4.2,-0.3
Payton Pritchard,371,11.0,0.505,0.611,0.102,5.8,10.7,8.4,18.3,0.8,0.0,8.9,14.5,0.4,0.5,0.9,0.116,-1.0,0.4,-0.6,0.1
Olivier-Maxence Prosper,41,6.9,0.393,0.615,0.615,5.2,18.7,11.9,3.1,1.2,0.0,0.0,17.1,0.0,0.0,0.0,-0.014,-5.4,-3.6,-9.0,-0.1
Neemias Queta,20,18.7,0.371,0.0,0.111,33.9,30.6,32.2,0.0,2.5,0.0,0.0,20.5,0.0,0.0,0.1,0.158,0.2,-3.9,-3.7,0.0
Immanuel Quickley,426,18.2,0.583,0.46,0.263,1.0,14.1,7.3,19.9,0.9,0.5,7.8,25.6,1.0,0.5,1.5,0.173,3.1,0.4,3.5,0.6
Lester Quinones,9,-3.0,0.417,0.667,0.0,0.0,0.0,0.0,0.0,0.0,0.0,14.3,32.4,-0.1,0.0,0.0,-0.264,-9.9,-6.8,-16.7,0.0
Julius Randle,591,15.4,0.494,0.347,0.381,6.5,26.2,16.0,23.6,1.2,0.3,13.8,28.6,0.0,0.9,0.9,0.074,-0.1,0.4,0.3,0.4
Duop Reath,121,10.5,0.512,0.654,0.115,4.3,12.1,7.9,11.8,1.6,1.5,11.4,21.6,0.0,0.1,0.1,0.03,-2.2,-0.7,-2.9,0.0
Austin Reaves,569,14.3,0.574,0.385,0.328,3.7,13.3,8.9,23.7,1.6,0.3,17.4,20.7,0.3,0.6,1.0,0.082,-0.6,-0.4,-1.0,0.2
Cam Reddish,379,9.9,0.534,0.495,0.269,2.2,9.2,5.9,6.2,3.2,0.9,8.8,13.1,0.0,0.5,0.6,0.074,-3.5,1.7,-1.8,0.0
Paul Reed,258,16.0,0.599,0.111,0.097,14.8,19.1,17.0,10.3,1.9,3.8,16.7,14.7,0.4,0.4,0.8,0.14,-0.8,0.5,-0.3,0.1
Naz Reid,360,17.7,0.643,0.467,0.2,5.1,14.9,10.4,4.8,1.6,2.4,10.4,22.0,0.5,0.7,1.2,0.165,2.0,1.1,3.0,0.4
Jared Rhoden,30,11.1,0.658,0.444,0.222,3.6,11.1,7.3,14.5,0.0,0.0,16.8,16.4,0.0,0.0,0.0,0.063,-2.6,-0.9,-3.5,0.0
Nick Richards,192,20.3,0.816,0.0,0.81,9.2,28.3,18.4,2.9,1.0,6.2,18.6,15.3,0.5,0.2,0.7,0.178,-0.9,0.7,-0.2,0.1
Josh Richardson,415,10.4,0.536,0.52,0.168,2.1,8.7,5.3,16.1,1.2,0.9,10.6,16.0,0.2,0.4,0.6,0.066,-2.5,-0.8,-3.3,-0.1
Duncan Robinson,472,13.8,0.636,0.663,0.128,0.9,9.6,5.2,14.2,0.5,0.6,7.6,18.5,0.8,0.3,1.1,0.115,1.1,-1.5,-0.5,0.2
Jerome Robinson,5,-4.9,0.0,0.0,0.0,20.7,21.6,21.1,0.0,0.0,0.0,0.0,16.6,0.0,0.0,0.0,-0.257,-11.7,-6.8,-18.4,0.0
Mitchell Robinson,505,16.6,0.541,0.0,0.41,20.6,20.6,20.6,2.2,2.4,4.7,13.3,9.5,0.7,1.0,1.8,0.168,-0.4,0.8,0.4,0.3
Orlando Robinson,60,18.1,0.633,0.111,0.222,11.0,21.4,16.1,22.6,1.6,4.9,20.2,18.3,0.1,0.1,0.2,0.161,-0.9,2.4,1.4,0.1
Jeremiah Robinson-Earl,98,13.0,0.687,0.44,0.24,8.7,15.3,12.0,6.9,1.0,0.0,17.8,14.6,0.2,0.1,0.2,0.117,-0.4,-1.0,-1.4,0.0
David Roddy,397,10.0,0.523,0.424,0.114,4.5,14.9,9.4,6.6,1.2,1.8,9.8,16.4,-0.1,0.4,0.3,0.037,-3.3,-0.9,-4.2,-0.2
Ryan Rollins,49,26.0,0.639,0.111,0.889,4.3,17.8,11.0,27.9,7.6,3.3,21.8,27.5,0.1,0.1,0.2,0.17,0.8,6.2,7.0,0.1
Derrick Rose,169,15.6,0.557,0.25,0.171,3.7,8.4,5.9,28.2,1.1,0.6,11.9,23.3,0.2,0.1,0.3,0.078,0.7,-1.1,-0.3,0.1
Terry Rozier,249,14.7,0.538,0.314,0.223,1.7,8.6,5.0,23.8,1.0,1.1,12.5,25.7,0.1,0.0,0.1,0.014,0.0,-2.6,-2.5,0.0
Rayan Rupert,31,-5.4,0.182,0.5,0.333,3.4,0.0,1.8,8.4,3.2,0.0,12.7,21.5,-0.2,0.0,-0.2,-0.283,-12.6,-4.2,-16.8,-0.1
D'Angelo Russell,590,18.2,0.604,0.413,0.209,1.4,10.2,6.1,31.5,0.9,1.8,11.5,23.2,1.1,0.5,1.7,0.137,3.0,-0.6,2.4,0.7
Matt Ryan,298,10.1,0.679,0.819,0.169,1.8,9.0,5.4,6.3,0.8,0.3,15.2,15.0,0.3,0.2,0.5,0.077,-0.6,-1.3,-1.9,0.0
Domantas Sabonis,595,21.8,0.633,0.102,0.5,10.3,27.3,18.4,30.3,1.1,2.2,17.4,21.7,1.6,0.7,2.3,0.183,2.9,1.5,4.4,1.0
Luka Šamanić,32,16.5,0.583,0.533,0.067,3.3,28.3,15.3,10.1,1.5,2.8,11.5,22.4,0.0,0.0,0.0,0.074,1.9,0.0,1.9,0.0
Jermaine Samuels,26,11.4,0.615,0.5,0.5,4.4,16.7,10.6,9.9,0.0,3.7,0.0,8.3,0.1,0.0,0.1,0.167,-1.9,0.2,-1.7,0.0
Gui Santos,12,5.5,0.5,0.25,0.0,17.2,18.0,17.6,12.4,0.0,0.0,33.3,20.8,0.0,0.0,0.0,-0.088,-6.8,-3.2,-10.0,0.0
Dario Šarić,386,17.2,0.589,0.53,0.228,8.0,22.3,15.0,16.0,1.5,1.4,9.9,19.6,0.8,0.5,1.2,0.155,2.0,0.8,2.8,0.5
Olivier Sarr,54,11.6,0.694,0.5,1.0,9.0,30.1,20.5,2.2,0.0,8.4,18.8,8.6,0.1,0.1,0.2,0.164,-3.7,0.9,-2.8,0.0
Marcus Sasser,335,13.6,0.562,0.472,0.072,1.0,10.6,5.7,22.6,1.9,0.7,9.8,17.7,0.4,0.2,0.6,0.081,-0.5,-0.2,-0.7,0.1
Admiral Schofield,14,-2.7,0.425,0.8,0.4,0.0,0.0,0.0,0.0,0.0,0.0,14.5,20.6,-0.1,0.0,0.0,-0.142,-8.0,-4.0,-12.0,0.0
Dennis Schröder,595,16.4,0.555,0.384,0.24,1.8,9.2,5.3,32.5,1.5,0.3,10.7,22.0,1.1,0.6,1.6,0.13,0.9,-0.3,0.6,0.4
Dereon Seabron,52,9.3,0.448,0.154,0.462,2.1,12.4,7.2,9.7,1.8,1.9,0.0,12.8,0.0,0.1,0.1,0.078,-2.9,1.1,-1.9,0.0
Alperen Şengün,522,22.9,0.606,0.158,0.279,9.1,20.9,15.2,29.0,1.3,2.0,13.4,27.3,1.2,0.8,2.0,0.185,4.0,1.9,5.9,1.0
Brice Sensabaugh,2,-12.4,0.0,0.0,0.0,52.7,56.6,54.6,0.0,0.0,0.0,0.0,41.1,0.0,0.0,0.0,-0.655,-15.3,-14.7,-30.0,0.0
Collin Sexton,360,14.5,0.556,0.383,0.323,5.0,8.8,6.8,23.9,1.1,1.0,15.5,25.8,0.3,0.0,0.4,0.048,0.1,-2.4,-2.4,0.0
Landry Shamet,236,12.2,0.58,0.613,0.086,0.9,8.8,4.8,11.6,1.8,0.7,6.8,18.5,0.2,0.0,0.2,0.038,-1.6,-1.5,-3.1,-0.1
Day'Ron Sharpe,256,18.0,0.583,0.051,0.443,17.0,28.5,22.9,7.2,1.1,4.3,16.8,19.0,0.3,0.4,0.7,0.135,-2.1,-0.4,-2.4,0.0
Shaedon Sharpe,620,10.2,0.506,0.379,0.282,4.5,12.6,8.3,13.8,1.4,1.2,16.0,22.7,-0.5,0.5,0.0,0.0,-3.2,-1.0,-4.2,-0.3
Ben Sheppard,55,11.1,0.546,0.682,0.091,2.1,8.3,5.2,11.0,0.8,0.0,4.2,17.7,0.1,0.0,0.1,0.05,-1.2,-3.8,-4.9,0.0
Pascal Siakam,652,16.3,0.544,0.251,0.306,4.8,18.0,11.2,23.3,1.1,0.5,12.6,25.8,0.5,0.7,1.2,0.086,0.1,-0.1,0.0,0.3
Ben Simmons,191,13.1,0.516,0.0,0.111,9.1,26.4,18.0,26.9,0.8,2.4,28.4,11.9,0.1,0.2,0.4,0.093,-1.8,1.8,0.1,0.1
Anfernee Simons,27,23.7,0.571,0.429,0.286,3.9,4.5,4.2,25.7,3.6,0.0,0.0,24.7,0.1,0.0,0.1,0.239,4.5,1.5,5.9,0.1
Jericho Sims,22,13.0,0.579,0.0,1.0,4.8,46.3,24.9,6.2,0.0,0.0,0.0,8.3,0.0,0.0,0.1,0.152,-0.7,0.6,-0.1,0.0
Jalen Slawson,17,11.0,0.667,0.333,0.0,0.0,27.3,13.0,15.9,0.0,5.2,25.0,10.0,0.0,0.0,0.0,0.071,-2.5,1.2,-1.3,0.0
Marcus Smart,329,10.6,0.534,0.513,0.176,1.0,8.6,4.5,25.9,3.2,1.2,22.4,21.3,-0.4,0.4,0.0,0.006,-4.4,0.4,-4.0,-0.2
Dennis Smith Jr.,187,10.9,0.481,0.302,0.127,4.6,9.3,7.1,25.2,1.8,1.0,14.2,17.8,0.1,0.1,0.2,0.06,-3.1,0.5,-2.6,0.0
Dru Smith,131,13.0,0.576,0.515,0.061,5.1,7.1,6.1,14.9,3.4,2.2,12.9,13.1,0.1,0.2,0.3,0.12,-1.5,2.7,1.2,0.1
Ish Smith,162,7.4,0.565,0.065,0.0,1.3,11.2,6.0,18.3,1.5,0.6,29.5,11.4,-0.1,0.0,-0.1,-0.018,-5.0,-0.4,-5.4,-0.1
Jabari Smith Jr.,483,14.3,0.599,0.456,0.123,5.6,22.4,14.2,6.7,0.9,2.2,9.5,18.3,0.5,0.8,1.2,0.121,-0.4,0.4,0.0,0.3
Jalen Smith,216,23.4,0.806,0.28,0.36,10.6,30.2,20.4,7.4,1.1,1.3,14.7,19.3,0.8,0.1,0.9,0.206,4.3,-1.0,3.3,0.3
Nick Smith Jr.,43,11.8,0.548,0.429,0.0,2.4,7.9,5.0,6.9,1.1,2.1,8.7,22.5,0.0,0.0,0.0,0.001,0.7,-1.4,-0.7,0.0
Jeremy Sochan,484,9.7,0.496,0.215,0.202,5.5,15.9,10.5,21.4,1.3,0.8,18.0,18.7,-0.3,0.1,-0.1,-0.015,-3.7,-1.3,-5.0,-0.4
Jaden Springer,127,6.8,0.432,0.324,0.216,10.6,8.6,9.6,10.2,1.9,4.2,22.8,17.5,-0.2,0.1,-0.1,-0.024,-5.1,-0.3,-5.4,-0.1
Lamar Stevens,20,17.1,0.643,0.143,0.0,22.6,10.2,16.1,15.1,2.5,4.5,30.0,21.7,0.0,0.0,0.1,0.128,-2.2,1.7,-0.5,0.0
Isaiah Stewart,563,10.4,0.562,0.424,0.188,6.9,18.4,12.5,5.7,0.4,2.0,14.0,15.7,0.2,0.2,0.4,0.034,-2.2,-1.5,-3.7,-0.2
Julian Strawther,197,9.2,0.497,0.636,0.104,0.6,9.5,5.1,10.6,1.3,1.7,3.6,18.3,0.1,0.2,0.2,0.059,-3.2,-1.4,-4.6,-0.1
Max Strus,632,13.1,0.576,0.646,0.108,2.5,14.5,8.7,15.9,1.3,1.8,11.5,17.2,0.6,0.7,1.3,0.097,0.2,0.7,1.0,0.5
Jalen Suggs,462,14.7,0.58,0.444,0.29,3.2,13.6,8.4,14.4,3.3,1.6,14.8,20.3,0.3,0.9,1.3,0.13,-1.3,2.5,1.2,0.4
Cole Swider,29,15.3,0.571,0.786,0.0,0.0,4.0,2.0,16.6,1.7,3.4,6.7,22.9,0.0,0.0,0.0,0.082,4.6,1.2,5.8,0.1
Jae'Sean Tate,282,14.3,0.603,0.437,0.141,6.4,16.1,11.4,9.7,3.0,1.7,6.2,12.7,0.5,0.5,1.0,0.172,-1.1,3.4,2.3,0.3
Jayson Tatum,666,21.6,0.617,0.446,0.322,2.2,22.2,12.7,18.2,1.5,0.8,12.5,30.1,1.2,1.3,2.5,0.179,3.8,1.2,5.0,1.2
Terry Taylor,12,11.8,1.0,0.0,0.0,0.0,9.9,4.6,0.0,4.2,0.0,0.0,3.7,0.0,0.0,0.0,0.12,-2.3,0.9,-1.5,0.0
Garrett Temple,16,31.7,0.935,0.2,0.4,0.0,13.9,6.7,20.4,3.0,0.0,0.0,15.5,0.1,0.0,0.1,0.389,8.9,4.8,13.8,0.1
Dalen Terry,19,14.0,0.394,0.5,0.25,5.5,49.9,26.4,32.3,0.0,5.7,10.1,23.1,0.0,0.0,0.0,0.006,-3.4,0.1,-3.3,0.0
Daniel Theis,126,12.4,0.485,0.13,0.174,12.4,15.0,13.8,10.5,0.8,4.2,9.2,18.5,0.0,0.2,0.2,0.08,-4.4,-0.5,-4.9,-0.1
Daniel Theis,8,-6.5,0.25,0.25,0.0,0.0,0.0,0.0,0.0,0.0,0.0,0.0,20.4,0.0,0.0,0.0,-0.272,-12.9,-7.7,-20.6,0.0
Daniel Theis,118,13.7,0.505,0.119,0.19,13.3,16.1,14.7,11.2,0.8,4.5,9.9,18.4,0.1,0.2,0.3,0.104,-3.8,0.0,-3.8,-0.1
Cam Thomas,259,21.5,0.579,0.321,0.285,0.8,11.1,6.1,11.5,1.3,1.8,5.1,32.4,0.5,0.2,0.7,0.125,2.3,-1.0,1.3,0.2
Amen Thompson,67,6.8,0.49,0.5,0.364,1.7,16.2,9.1,12.4,1.5,1.4,19.0,20.9,-0.1,0.1,0.0,-0.021,-5.6,-0.1,-5.7,-0.1
Ausar Thompson,535,14.6,0.505,0.184,0.232,11.7,22.7,17.1,14.2,1.8,4.4,15.7,18.7,0.0,0.6,0.6,0.054,-2.3,0.8,-1.5,0.1
Klay Thompson,500,10.5,0.542,0.578,0.17,1.9,11.2,6.4,11.8,0.7,1.8,12.4,22.8,-0.1,0.4,0.3,0.027,-0.8,-1.5,-2.3,0.0
Tristan Thompson,130,14.0,0.655,0.0,0.619,13.9,15.2,14.6,11.3,0.7,3.3,20.8,11.3,0.2,0.1,0.3,0.128,-1.1,0.9,-0.2,0.1
JT Thor,264,7.9,0.51,0.525,0.068,5.1,14.6,9.7,4.8,0.7,1.7,6.2,10.3,0.1,0.0,0.1,0.025,-3.1,-1.4,-4.5,-0.2
Matisse Thybulle,374,11.3,0.635,0.803,0.105,1.4,6.9,3.9,7.6,3.3,3.1,15.0,10.6,0.2,0.5,0.7,0.091,-2.0,2.9,0.9,0.3
Xavier Tillman Sr.,181,13.0,0.478,0.313,0.141,8.1,21.5,14.4,14.4,2.9,3.4,12.8,18.3,-0.1,0.3,0.2,0.056,-3.4,1.0,-2.4,0.0
Obi Toppin,380,15.7,0.67,0.374,0.176,4.5,10.8,7.7,6.3,1.5,1.0,8.4,16.6,0.8,0.1,0.8,0.107,0.9,-1.8,-0.9,0.1
Karl-Anthony Towns,567,18.3,0.615,0.318,0.284,3.0,24.9,14.9,14.2,1.4,2.0,14.3,26.2,0.6,1.2,1.8,0.156,0.9,1.9,2.7,0.7
Gary Trent Jr.,416,9.5,0.509,0.521,0.174,1.0,7.8,4.3,6.2,1.6,0.4,5.8,19.4,-0.1,0.4,0.3,0.035,-3.0,-0.3,-3.3,-0.1
P.J. Tucker,239,5.5,0.492,0.842,0.158,7.5,12.1,9.8,4.0,1.8,1.1,16.4,4.3,0.1,0.3,0.4,0.085,-4.5,0.8,-3.7,-0.1
P.J. Tucker,66,4.7,0.6,1.0,0.0,1.7,21.5,11.7,0.0,2.2,2.7,28.6,4.5,0.0,0.1,0.1,0.051,-4.7,0.9,-3.8,0.0
P.J. Tucker,173,5.8,0.457,0.786,0.214,9.7,8.5,9.1,5.6,1.7,0.5,11.5,4.3,0.2,0.2,0.4,0.098,-4.5,0.8,-3.6,-0.1
Myles Turner,423,20.3,0.621,0.358,0.358,7.3,25.4,16.4,6.8,1.2,6.0,10.4,23.3,0.8,0.4,1.2,0.134,1.0,-0.2,0.8,0.3
Hunter Tyson,18,-2.1,0.25,0.75,0.0,0.0,24.6,12.3,6.5,0.0,0.0,0.0,9.6,0.0,0.0,0.0,-0.038,-10.9,-1.9,-12.9,-0.1
Stanley Umude,154,13.8,0.693,0.614,0.523,2.1,18.1,9.9,7.1,1.2,2.6,15.6,17.2,0.3,0.1,0.4,0.116,-0.1,0.2,0.1,0.1
Jonas Valančiūnas,495,20.2,0.625,0.193,0.287,9.7,26.5,18.1,14.4,0.7,4.9,10.5,19.5,1.2,0.7,1.9,0.187,1.4,1.1,2.5,0.6
Fred VanVleet,564,15.7,0.53,0.58,0.175,0.8,11.1,6.1,34.5,1.0,1.2,8.8,19.7,1.0,0.6,1.6,0.139,2.4,0.2,2.6,0.7
Devin Vassell,340,17.6,0.617,0.475,0.225,1.9,12.0,6.7,15.5,1.7,0.3,8.3,23.6,0.5,0.1,0.6,0.082,2.6,-1.1,1.5,0.3
Sasha Vezenkov,204,11.9,0.575,0.675,0.039,2.1,15.9,8.7,2.8,1.4,2.2,4.9,17.1,0.1,0.2,0.3,0.07,-0.9,-1.1,-2.0,0.0
Gabe Vincent,113,6.4,0.416,0.5,0.071,2.1,1.8,1.9,13.9,2.5,0.0,6.5,11.9,-0.1,0.1,0.1,0.022,-5.8,1.8,-4.0,-0.1
Nikola Vučević,648,15.2,0.507,0.236,0.109,7.8,26.3,16.5,14.5,1.4,1.8,10.2,22.1,0.1,0.6,0.7,0.054,-1.2,-0.6,-1.8,0.0
Dean Wade,264,6.7,0.479,0.95,0.1,5.1,16.1,10.9,5.1,2.0,1.0,10.7,7.7,0.0,0.3,0.4,0.069,-4.0,1.7,-2.3,0.0
Franz Wagner,589,17.0,0.558,0.322,0.234,4.3,15.6,9.9,15.5,1.7,1.1,9.5,25.6,0.7,0.9,1.6,0.132,0.8,0.3,1.1,0.5
Moritz Wagner,345,21.4,0.711,0.228,0.36,8.7,17.5,13.1,10.5,1.1,1.9,12.7,21.9,1.1,0.6,1.6,0.224,2.3,1.0,3.3,0.5
Ish Wainright,5,-0.5,0.0,1.0,0.0,0.0,0.0,0.0,0.0,9.8,0.0,0.0,8.5,0.0,0.0,0.0,-0.079,-14.2,5.0,-9.2,0.0
Jabari Walker,282,13.8,0.54,0.333,0.265,8.9,21.6,14.8,5.6,2.3,2.5,12.3,19.5,0.0,0.4,0.5,0.078,-3.0,0.2,-2.8,-0.1
Jarace Walker,41,13.5,0.44,0.278,0.167,2.8,19.5,11.2,17.8,2.2,3.5,4.9,20.2,0.0,0.0,0.0,0.037,-1.4,0.3,-1.1,0.0
Lonnie Walker IV,348,18.9,0.634,0.52,0.206,0.6,12.1,6.5,12.3,1.4,1.8,11.2,26.5,0.5,0.3,0.8,0.111,3.6,-0.7,3.0,0.4
Cason Wallace,374,12.4,0.752,0.397,0.151,2.9,7.3,5.3,8.7,1.3,1.5,10.4,10.1,0.8,0.4,1.1,0.147,0.0,0.5,0.6,0.2
P.J. Washington,473,11.5,0.535,0.466,0.164,3.5,14.6,8.8,9.0,0.8,2.5,10.2,20.1,0.0,0.1,0.2,0.016,-2.1,-1.7,-3.8,-0.2
TyTy Washington Jr.,6,1.1,0.5,0.667,0.0,0.0,17.4,9.1,0.0,7.9,0.0,40.0,35.4,-0.1,0.0,0.0,-0.359,-10.7,0.3,-10.5,0.0
Yuta Watanabe,254,6.5,0.523,0.781,0.172,3.8,10.7,7.4,4.2,1.0,2.0,13.8,13.6,-0.1,0.2,0.1,0.018,-3.6,-1.8,-5.4,-0.2
Lindy Waters III,49,13.6,0.692,1.0,0.0,2.5,8.3,5.6,10.6,0.0,1.9,0.0,11.5,0.1,0.0,0.2,0.162,2.7,-0.5,2.2,0.1
Trendon Watford,163,14.6,0.577,0.197,0.148,8.0,18.3,13.3,17.9,2.1,1.1,18.8,21.0,0.1,0.2,0.3,0.083,-2.3,0.9,-1.4,0.0
Peyton Watson,246,10.8,0.535,0.27,0.222,3.6,10.8,7.2,6.7,1.8,5.9,13.7,14.0,-0.1,0.4,0.3,0.057,-2.9,1.1,-1.8,0.0
Victor Wembanyama,511,17.3,0.523,0.326,0.265,7.5,28.8,17.7,13.8,2.0,8.0,16.4,30.5,-0.8,0.7,-0.1,-0.008,-2.1,0.5,-1.6,0.0
Blake Wesley,21,5.9,0.394,0.125,0.25,5.1,5.6,5.3,20.0,0.0,4.3,10.1,19.7,0.0,0.0,0.0,-0.077,-5.8,-2.8,-8.6,0.0
Russell Westbrook,462,14.6,0.494,0.233,0.233,5.6,19.6,12.8,29.6,2.6,1.0,17.4,23.5,-0.2,0.8,0.7,0.069,-1.6,1.4,-0.2,0.2
Coby White,612,11.6,0.552,0.561,0.135,1.0,9.1,4.8,18.9,1.4,0.9,12.6,19.6,0.2,0.2,0.5,0.036,-1.3,-1.2,-2.5,-0.1
Derrick White,483,16.1,0.63,0.573,0.35,2.3,9.7,6.2,22.0,1.6,2.2,14.1,17.3,1.1,0.8,1.8,0.182,1.5,2.0,3.6,0.7
Cam Whitmore,29,9.6,0.508,0.385,0.308,0.0,18.7,9.5,5.3,1.7,0.0,11.9,25.7,-0.1,0.0,0.0,-0.028,-6.1,-2.9,-9.0,-0.1
Aaron Wiggins,177,14.1,0.681,0.404,0.319,4.8,13.8,9.7,8.4,1.6,0.5,14.4,15.4,0.3,0.2,0.5,0.139,-0.3,0.2,-0.1,0.1
Andrew Wiggins,490,8.8,0.492,0.286,0.257,7.4,9.7,8.5,6.6,0.6,1.3,12.0,22.6,-0.4,0.3,-0.1,-0.013,-4.1,-2.5,-6.5,-0.6
Lindell Wigginton,2,-49.9,0.0,1.0,0.0,0.0,0.0,0.0,0.0,0.0,0.0,50.0,42.5,0.0,0.0,-0.1,-1.202,-40.6,-18.1,-58.7,0.0
Grant Williams,489,9.7,0.6,0.721,0.163,4.2,9.6,6.9,7.4,0.4,1.7,10.4,13.4,0.5,0.2,0.6,0.063,-1.0,-1.6,-2.6,-0.1
Jalen Williams,465,13.8,0.598,0.236,0.328,0.8,11.6,6.7,15.3,1.1,0.8,12.7,21.3,0.5,0.5,1.0,0.101,-1.2,-0.4,-1.6,0.0
Jaylin Williams,166,10.3,0.454,0.542,0.125,5.8,25.1,16.3,16.1,1.4,1.1,9.0,14.6,0.0,0.3,0.3,0.099,-2.7,1.3,-1.5,0.0
Jeenathan Williams,22,16.2,0.547,0.182,0.182,0.0,0.0,0.0,15.6,2.3,0.0,0.0,24.0,0.0,0.0,0.0,0.107,-1.5,0.4,-1.2,0.0
Kenrich Williams,120,14.7,0.711,0.448,0.207,5.1,11.9,8.8,14.7,0.8,0.0,3.1,11.8,0.4,0.1,0.5,0.197,1.4,0.4,1.7,0.1
Mark Williams,427,23.9,0.696,0.0,0.45,16.4,25.4,20.7,6.9,1.6,3.2,8.8,16.7,1.5,0.3,1.9,0.211,2.8,-0.8,2.0,0.4
Patrick Williams,452,10.6,0.513,0.449,0.22,4.6,14.4,9.2,7.3,1.9,3.8,13.6,15.8,-0.1,0.4,0.2,0.025,-2.8,-0.2,-2.9,-0.1
Robert Williams,119,17.5,0.684,0.0,0.346,9.7,27.7,18.0,6.4,2.9,5.3,18.9,13.1,0.2,0.2,0.4,0.16,-2.3,2.6,0.3,0.1
Vince Williams Jr.,96,9.4,0.51,0.9,0.4,3.3,23.4,12.7,11.3,1.5,5.3,14.5,12.2,0.0,0.1,0.2,0.079,-4.8,1.9,-2.9,0.0
Ziaire Williams,370,9.2,0.512,0.489,0.183,3.4,20.8,11.5,9.0,1.0,1.4,12.9,18.7,-0.2,0.4,0.2,0.02,-3.9,-0.8,-4.7,-0.3
Zion Williamson,478,22.9,0.598,0.016,0.454,6.9,13.0,10.0,26.5,1.7,0.8,11.5,30.2,1.0,0.5,1.5,0.151,3.5,0.3,3.8,0.7
Jalen Wilson,7,1.8,0.0,0.0,0.0,0.0,14.7,7.5,0.0,0.0,13.0,0.0,6.1,0.0,0.0,0.0,-0.079,-7.2,0.8,-6.4,0.0
Dylan Windler,7,16.0,0.75,1.0,0.0,0.0,16.2,7.8,20.9,0.0,0.0,0.0,12.1,0.0,0.0,0.0,0.257,3.4,3.7,7.0,0.0
James Wiseman,111,14.3,0.645,0.027,0.297,9.7,22.0,15.8,4.2,0.4,2.2,16.1,18.6,0.1,0.1,0.1,0.063,-3.2,-2.0,-5.3,-0.1
Christian Wood,393,10.2,0.561,0.463,0.333,5.1,26.0,16.3,5.2,0.5,2.7,16.8,16.5,-0.2,0.6,0.4,0.049,-3.8,-0.6,-4.5,-0.3
Delon Wright,141,17.3,0.54,0.367,0.533,2.3,13.2,7.6,29.6,4.3,0.6,9.7,12.3,0.3,0.1,0.4,0.143,-1.0,2.5,1.5,0.1
Thaddeus Young,10,13.2,0.41,0.0,0.5,10.4,22.3,16.2,45.2,0.0,0.0,17.0,24.9,0.0,0.0,0.0,-0.032,0.2,0.5,0.7,0.0
Trae Young,572,20.8,0.564,0.447,0.48,1.9,7.0,4.4,41.7,2.1,0.0,14.6,30.3,1.5,0.1,1.6,0.138,5.2,-1.9,3.3,0.8
Omer Yurtseven,129,17.4,0.642,0.282,0.179,13.1,24.6,18.6,9.4,0.8,3.5,14.3,15.7,0.2,0.1,0.3,0.12,0.2,-0.5,-0.3,0.1
Cody Zeller,142,8.3,0.348,0.036,0.643,12.8,23.5,18.1,14.8,1.0,1.4,14.3,12.5,-0.1,0.2,0.1,0.035,-4.9,0.0,-5.0,-0.1
Ivica Zubac,441,17.8,0.621,0.0,0.398,13.9,22.9,18.6,5.1,0.2,4.8,12.3,17.4,0.8,0.7,1.5,0.16,-0.8,-0.6,-1.4,0.1
