Name,Position,Age,team,GamesPlayed,GamesStarted,MinutesGame,FG,FGA,FG%,3P,3PA,3P%,2P,2PA,2P%,eFG%,FT,FTA,FT%,ORB,DRB,TRB,AssistsGame,StealsGame,BlocksGame,TOV,PF,PointsGame
Precious Achiuwa,C,24,TOR,12,0,18.2,2.7,6.2,0.432,0.4,1.8,0.238,2.3,4.4,0.509,0.466,0.9,1.8,0.524,1.8,4.1,5.8,2.2,0.5,0.5,1.3,1.8,6.7
Bam Adebayo,C,26,MIA,15,15,34.9,8.6,16.3,0.529,0.1,0.2,0.333,8.5,16.1,0.531,0.531,6.0,7.3,0.818,2.2,8.1,10.3,4.0,1.3,1.1,2.6,2.5,23.3
Ochai Agbaji,SG,23,UTA,17,6,18.8,2.0,4.5,0.442,1.1,2.9,0.388,0.9,1.6,0.536,0.565,0.2,0.4,0.667,0.8,1.6,2.5,0.9,0.5,0.7,0.6,1.5,5.4
Santi Aldama,PF,23,MEM,10,4,26.5,5.8,13.0,0.446,2.0,6.0,0.333,3.8,7.0,0.543,0.523,1.0,1.7,0.588,1.2,4.7,5.9,2.0,0.5,0.6,1.3,1.7,14.6
Nickeil Alexander-Walker,SG,25,MIN,17,6,22.4,2.2,5.6,0.396,1.3,3.8,0.338,0.9,1.8,0.516,0.51,0.2,0.5,0.333,0.4,1.6,2.0,2.5,0.8,0.7,0.9,1.9,5.9
Grayson Allen,SG,28,PHO,16,16,32.5,4.1,8.4,0.489,2.4,5.0,0.475,1.8,3.4,0.509,0.63,1.3,1.6,0.84,0.8,3.7,4.5,2.9,0.6,0.4,1.6,2.4,11.9
Jarrett Allen,C,25,CLE,13,13,28.3,5.3,7.8,0.676,0.0,0.0,0.0,5.3,7.8,0.676,0.676,2.9,3.8,0.76,2.8,4.8,7.7,2.3,0.5,1.2,1.8,2.7,13.5
Jose Alvarado,PG,25,NOP,5,0,17.2,2.8,6.8,0.412,1.2,3.4,0.353,1.6,3.4,0.471,0.5,0.4,1.2,0.333,0.4,1.8,2.2,2.2,1.2,0.2,0.8,1.6,7.2
Kyle Anderson,PF,30,MIN,17,0,24.4,2.9,5.5,0.527,0.1,0.6,0.182,2.8,4.8,0.573,0.538,1.4,2.2,0.622,0.8,3.1,3.8,3.9,0.8,0.9,1.7,1.5,7.2
Giannis Antetokounmpo,PF,29,MIL,17,17,33.9,11.4,19.1,0.599,0.5,1.9,0.242,10.9,17.1,0.639,0.611,6.8,10.5,0.642,2.6,7.9,10.6,4.6,1.3,1.2,4.1,3.1,30.1
Thanasis Antetokounmpo,PF,31,MIL,7,0,6.3,0.4,1.1,0.375,0.0,0.0,0.0,0.4,1.1,0.375,0.375,0.0,0.0,0.0,0.3,0.3,0.6,0.6,0.1,0.1,0.6,1.0,0.9
Cole Anthony,PG,23,ORL,17,0,25.9,4.7,10.9,0.43,1.4,3.9,0.358,3.3,7.0,0.471,0.495,4.2,4.9,0.845,1.1,3.5,4.6,3.7,0.8,0.4,2.2,2.8,15.0
OG Anunoby,SF,26,TOR,14,14,32.1,5.6,11.9,0.473,2.6,6.4,0.404,3.1,5.6,0.551,0.581,1.2,2.0,0.607,1.1,3.0,4.1,2.1,1.0,0.6,1.8,2.1,15.1
Ryan Arcidiacono,PG,29,NYK,5,0,2.2,0.0,0.2,0.0,0.0,0.2,0.0,0.0,0.0,0.0,0.0,0.0,0.0,0.0,0.0,0.4,0.4,0.0,0.0,0.0,0.0,0.0,0.0
Deni Avdija,SF,23,WAS,17,17,26.9,4.8,9.2,0.519,1.1,2.8,0.396,3.6,6.4,0.574,0.58,1.4,1.7,0.828,1.3,4.2,5.5,3.5,0.9,0.3,1.6,2.5,12.1
Deandre Ayton,C,25,POR,16,16,31.9,6.2,10.4,0.593,0.0,0.0,0.0,6.2,10.4,0.593,0.593,0.9,1.2,0.789,3.3,7.8,11.1,1.6,1.4,0.8,2.0,2.6,13.3
Udoka Azubuike,C,24,PHO,2,0,4.5,0.5,0.5,1.0,0.0,0.0,0.0,0.5,0.5,1.0,1.0,0.0,0.0,0.0,0.0,2.0,2.0,0.0,0.0,0.0,0.0,0.5,1.0
Marvin Bagley III,C,24,DET,16,6,19.3,4.3,7.3,0.586,0.1,0.3,0.2,4.2,6.9,0.604,0.591,2.4,2.6,0.905,1.9,3.3,5.2,1.4,0.1,0.7,1.3,1.7,10.9
Amari Bailey,PG,19,CHO,1,0,3.0,1.0,3.0,0.333,0.0,0.0,0.0,1.0,3.0,0.333,0.333,0.0,0.0,0.0,2.0,0.0,2.0,0.0,0.0,0.0,0.0,0.0,2.0
Patrick Baldwin Jr.,SF,21,WAS,3,0,3.7,0.0,0.7,0.0,0.0,0.3,0.0,0.0,0.3,0.0,0.0,0.0,0.0,0.0,0.0,0.3,0.3,0.3,0.0,0.0,0.0,0.3,0.0
LaMelo Ball,PG,22,CHO,15,15,33.4,8.8,19.9,0.443,3.5,8.9,0.388,5.3,10.9,0.488,0.53,3.6,4.2,0.857,1.5,3.9,5.5,8.2,1.4,0.3,3.9,3.5,24.7
Mo Bamba,C,25,PHI,7,0,3.3,0.9,1.4,0.6,0.1,0.3,0.5,0.7,1.1,0.625,0.65,0.7,0.7,1.0,0.6,1.0,1.6,0.0,0.1,0.3,0.4,0.4,2.6
Paolo Banchero,PF,21,ORL,17,17,33.5,7.2,14.7,0.488,1.4,3.2,0.436,5.8,11.5,0.503,0.536,4.1,6.2,0.651,1.3,5.2,6.5,4.6,1.2,0.6,3.2,2.3,19.8
Desmond Bane,SG,25,MEM,16,16,34.1,8.5,19.3,0.442,3.3,9.1,0.359,5.3,10.2,0.515,0.526,3.4,3.9,0.871,0.9,3.5,4.4,5.0,1.3,0.6,2.7,3.1,23.6
Dalano Banton,PG,24,BOS,8,1,8.8,1.4,2.8,0.5,0.1,0.8,0.167,1.3,2.0,0.625,0.523,0.6,0.6,1.0,0.8,1.3,2.0,0.4,0.3,0.1,0.3,1.3,3.5
Dominick Barlow,PF,20,SAS,6,0,5.3,0.3,1.0,0.333,0.0,0.0,0.0,0.3,1.0,0.333,0.333,0.3,0.7,0.5,0.0,0.8,0.8,0.0,0.2,0.0,0.0,0.3,1.0
Harrison Barnes,PF,31,SAC,16,16,31.1,4.2,8.8,0.479,1.9,5.1,0.378,2.3,3.6,0.621,0.589,2.3,2.7,0.837,0.7,2.4,3.1,1.4,0.8,0.1,0.9,1.1,12.6
Scottie Barnes,SG,22,TOR,18,18,34.6,7.0,15.5,0.452,1.9,5.1,0.38,5.1,10.4,0.487,0.514,2.9,3.9,0.757,2.7,6.5,9.2,5.6,1.7,1.2,2.4,2.0,18.9
RJ Barrett,SG,23,NYK,12,12,30.0,6.4,14.9,0.43,2.2,5.0,0.433,4.3,9.9,0.429,0.503,4.2,4.8,0.862,0.5,3.3,3.8,2.5,0.6,0.3,2.0,1.6,19.2
Charles Bassey,C,23,SAS,17,0,10.7,1.5,2.1,0.694,0.0,0.1,0.0,1.5,2.1,0.714,0.694,0.3,0.4,0.833,1.2,2.5,3.8,1.1,0.5,0.7,0.8,1.4,3.2
Emoni Bates,SF,20,CLE,7,0,7.4,0.6,2.1,0.267,0.4,1.7,0.25,0.1,0.4,0.333,0.367,0.1,0.3,0.5,0.1,1.1,1.3,0.3,0.1,0.1,0.1,0.3,1.7
Keita Bates-Diop,SF,28,PHO,14,6,20.4,2.1,5.1,0.403,0.6,2.1,0.276,1.5,3.1,0.488,0.458,1.1,1.6,0.682,1.1,2.5,3.6,1.0,0.8,1.0,0.2,1.4,5.8
Nicolas Batum,PF,35,TOT,12,6,24.5,2.2,3.9,0.553,1.6,3.2,0.5,0.6,0.8,0.778,0.755,0.3,0.3,0.75,1.0,2.9,3.9,1.8,0.8,0.9,0.5,2.2,6.2
Nicolas Batum,PF,35,LAC,3,0,18.0,1.0,2.7,0.375,0.7,2.3,0.286,0.3,0.3,1.0,0.5,0.0,0.0,0.0,0.0,2.3,2.3,1.7,1.0,1.3,0.3,1.7,2.7
Nicolas Batum,PF,35,PHI,9,6,26.7,2.6,4.3,0.59,1.9,3.4,0.548,0.7,0.9,0.75,0.808,0.3,0.4,0.75,1.3,3.1,4.4,1.8,0.7,0.8,0.6,2.3,7.3
Bradley Beal,SG,30,PHO,3,3,28.7,6.0,15.3,0.391,1.7,5.0,0.333,4.3,10.3,0.419,0.446,3.7,5.3,0.688,1.0,4.3,5.3,3.7,0.7,0.3,3.0,3.0,17.3
Malik Beasley,SG,27,MIL,18,18,27.9,4.0,8.2,0.49,2.7,5.9,0.458,1.3,2.2,0.575,0.656,0.4,0.7,0.667,0.6,4.0,4.6,1.3,0.9,0.2,0.7,2.0,11.2
MarJon Beauchamp,SF,23,MIL,14,0,15.7,2.0,4.4,0.452,0.9,2.1,0.414,1.1,2.4,0.485,0.548,0.6,0.9,0.667,0.7,1.7,2.4,1.0,0.3,0.1,0.6,1.9,5.4
Dāvis Bertāns,PF,31,OKC,5,0,9.2,0.6,2.6,0.231,0.6,2.4,0.25,0.0,0.2,0.0,0.346,1.6,1.8,0.889,0.0,0.8,0.8,0.8,0.2,0.2,0.0,1.0,3.4
Patrick Beverley,PG,35,PHI,17,0,16.8,1.1,3.1,0.358,0.4,1.8,0.233,0.7,1.4,0.522,0.425,0.2,0.4,0.571,0.9,2.1,3.1,2.0,0.4,0.4,0.6,2.0,2.9
Saddiq Bey,SF,24,ATL,17,5,28.5,4.5,9.0,0.497,1.6,4.4,0.36,2.9,4.6,0.628,0.585,1.5,1.9,0.788,1.9,3.9,5.8,1.3,1.1,0.2,1.2,1.5,12.1
Goga Bitadze,C,24,ORL,15,12,19.7,2.7,4.7,0.577,0.0,0.2,0.0,2.7,4.5,0.603,0.577,1.6,2.3,0.706,2.2,3.9,6.1,1.7,0.9,1.5,0.6,2.5,7.1
Onuralp Bitim,SG,24,CHI,1,0,3.0,0.0,0.0,0.0,0.0,0.0,0.0,0.0,0.0,0.0,0.0,0.0,0.0,0.0,0.0,0.0,0.0,0.0,0.0,0.0,0.0,0.0,0.0
Bismack Biyombo,C,31,MEM,11,10,25.9,2.9,4.9,0.593,0.0,0.0,0.0,2.9,4.9,0.593,0.593,1.6,2.7,0.6,3.2,4.2,7.4,1.9,0.5,1.0,0.7,2.9,7.5
Anthony Black,PG,20,ORL,15,11,18.3,1.7,3.9,0.448,0.3,1.4,0.238,1.4,2.5,0.568,0.491,0.8,1.2,0.667,0.7,1.4,2.1,1.3,0.3,0.3,1.1,2.1,4.6
Leaky Black,SF,24,CHO,4,0,4.3,0.5,1.3,0.4,0.3,0.5,0.5,0.3,0.8,0.333,0.5,0.0,0.0,0.0,0.0,0.5,0.5,0.3,0.3,0.5,0.0,0.3,1.3
Bogdan Bogdanović,SG,31,ATL,17,1,26.3,5.8,12.5,0.46,3.2,8.1,0.391,2.6,4.4,0.587,0.587,1.2,1.4,0.913,0.4,2.8,3.2,2.4,1.4,0.4,1.4,2.4,15.9
Bol Bol,PF,24,PHO,3,0,2.3,0.3,0.3,1.0,0.0,0.0,0.0,0.3,0.3,1.0,1.0,0.0,0.0,0.0,0.0,0.3,0.3,0.0,0.0,0.3,0.7,0.0,0.7
Marques Bolden,C,25,MIL,1,0,3.0,0.0,0.0,0.0,0.0,0.0,0.0,0.0,0.0,0.0,0.0,0.0,0.0,0.0,0.0,2.0,2.0,0.0,0.0,0.0,0.0,1.0,0.0
Devin Booker,SG,27,PHO,9,9,34.0,9.9,19.9,0.497,2.2,5.1,0.435,7.7,14.8,0.519,0.553,7.4,8.1,0.918,1.1,4.3,5.4,8.9,0.8,0.6,3.1,3.0,29.4
Chris Boucher,PF,31,TOR,16,0,15.4,2.3,4.8,0.474,0.8,1.8,0.448,1.4,2.9,0.489,0.559,1.8,2.2,0.829,1.4,2.9,4.3,0.4,0.4,0.6,0.4,2.0,7.1
James Bouknight,SG,23,CHO,1,0,5.0,2.0,3.0,0.667,1.0,2.0,0.5,1.0,1.0,1.0,0.833,0.0,0.0,0.0,1.0,0.0,1.0,0.0,0.0,0.0,0.0,0.0,5.0
Jamaree Bouyea,PG,24,POR,6,0,9.5,0.8,3.5,0.238,0.0,1.3,0.0,0.8,2.2,0.385,0.238,0.0,0.0,0.0,0.3,1.3,1.7,1.3,0.0,0.0,1.3,0.5,1.7
Malaki Branham,SG,20,SAS,17,6,20.8,3.5,8.4,0.42,0.9,3.4,0.281,2.6,5.1,0.512,0.476,0.5,0.5,0.889,0.2,1.0,1.2,2.2,0.5,0.1,0.9,1.4,8.5
Christian Braun,SG,22,DEN,18,0,21.1,3.3,7.3,0.458,0.7,1.7,0.4,2.7,5.6,0.475,0.504,1.4,1.9,0.714,0.9,3.4,4.3,1.9,0.3,0.2,0.6,1.7,8.7
Mikal Bridges,SF,27,BRK,17,17,34.8,8.0,16.8,0.477,2.1,5.9,0.347,5.9,10.8,0.549,0.539,3.7,4.3,0.863,1.2,4.9,6.1,3.9,1.1,0.4,2.5,1.8,21.8
Miles Bridges,SF,25,CHO,6,4,36.0,7.0,14.2,0.494,1.8,4.5,0.407,5.2,9.7,0.534,0.559,4.0,5.0,0.8,0.8,7.2,8.0,2.7,1.5,0.5,2.0,1.7,19.8
Oshae Brissett,SF,25,BOS,8,0,11.3,0.4,2.1,0.176,0.1,1.1,0.111,0.3,1.0,0.25,0.206,0.9,1.5,0.583,1.0,1.6,2.6,0.4,0.5,0.0,0.3,1.1,1.8
Malcolm Brogdon,PG,31,POR,12,7,28.4,6.7,16.2,0.412,2.0,5.5,0.364,4.7,10.7,0.438,0.474,2.9,3.7,0.795,1.0,3.4,4.4,6.3,0.8,0.1,1.5,1.5,18.3
Armoni Brooks,PG,25,BRK,5,0,9.0,1.2,3.4,0.353,1.0,2.6,0.385,0.2,0.8,0.25,0.5,0.0,0.0,0.0,0.4,1.6,2.0,0.0,0.0,0.0,0.2,0.2,3.4
Dillon Brooks,SF,28,HOU,15,15,31.0,4.9,10.2,0.477,1.8,4.0,0.45,3.1,6.2,0.495,0.565,2.1,2.5,0.838,0.7,2.9,3.6,1.8,1.1,0.1,1.7,4.1,13.6
Bruce Brown,SG,27,IND,16,16,31.5,4.3,9.3,0.463,1.3,3.8,0.344,3.0,5.5,0.545,0.534,1.5,1.8,0.857,0.5,3.6,4.1,2.8,1.3,0.3,1.1,2.5,11.4
Jaylen Brown,SF,27,BOS,17,17,34.5,8.3,18.4,0.452,2.5,7.2,0.344,5.8,11.2,0.521,0.519,2.8,4.0,0.706,0.5,4.5,5.0,3.6,1.1,0.5,2.4,2.8,21.9
Kobe Brown,PF,24,LAC,7,0,8.1,1.0,2.3,0.438,0.4,1.3,0.333,0.6,1.0,0.571,0.531,0.0,0.0,0.0,0.4,1.1,1.6,0.3,0.1,0.1,0.1,1.1,2.4
Moses Brown,C,24,POR,3,0,4.7,1.0,1.7,0.6,0.0,0.0,0.0,1.0,1.7,0.6,0.6,0.0,0.7,0.0,1.3,0.3,1.7,0.3,0.3,0.3,0.0,0.3,2.0
Troy Brown Jr.,SF,24,MIN,13,0,11.2,1.2,2.8,0.405,0.5,1.8,0.304,0.6,1.1,0.571,0.5,1.3,1.5,0.85,0.8,2.0,2.8,0.5,0.2,0.1,0.4,0.6,4.2
Jalen Brunson,PG,27,NYK,17,17,35.2,8.6,18.6,0.464,3.1,6.6,0.469,5.5,12.0,0.461,0.547,3.7,4.5,0.818,0.6,2.9,3.5,5.2,1.0,0.1,2.0,2.1,24.1
Thomas Bryant,C,26,MIA,12,3,13.5,2.2,4.4,0.491,0.0,0.3,0.0,2.2,4.2,0.52,0.491,1.0,1.3,0.8,1.0,2.8,3.8,0.6,0.5,0.3,1.0,1.3,5.3
Kobe Bufkin,SG,20,ATL,2,0,2.0,0.0,1.5,0.0,0.0,0.5,0.0,0.0,1.0,0.0,0.0,0.5,1.0,0.5,0.5,0.5,1.0,0.0,0.0,0.0,0.0,0.0,0.5
Reggie Bullock,SF,32,HOU,7,0,9.1,0.3,1.6,0.182,0.3,1.4,0.2,0.0,0.1,0.0,0.273,0.0,0.0,0.0,0.1,1.6,1.7,0.4,0.1,0.1,0.3,0.6,0.9
Alec Burks,SG,32,DET,11,0,21.5,3.3,9.1,0.36,2.3,5.9,0.385,1.0,3.2,0.314,0.485,3.3,3.8,0.857,0.5,2.2,2.7,2.2,0.5,0.4,0.5,1.8,12.1
Jared Butler,SG,23,WAS,6,0,5.2,1.0,2.2,0.462,0.5,1.3,0.375,0.5,0.8,0.6,0.577,0.2,0.2,1.0,0.0,0.5,0.5,1.0,0.3,0.2,0.5,0.8,2.7
Jimmy Butler,PF,34,MIA,14,14,33.3,6.4,13.9,0.462,1.2,2.9,0.415,5.2,11.0,0.474,0.505,6.6,7.6,0.877,1.9,3.1,5.0,4.0,1.4,0.6,1.7,0.8,20.7
Jamal Cain,PF,24,MIA,5,0,14.0,1.6,3.4,0.471,0.4,1.8,0.222,1.2,1.6,0.75,0.529,0.4,1.0,0.4,0.6,1.2,1.8,0.0,0.8,0.0,0.4,0.6,4.0
Kentavious Caldwell-Pope,SG,30,DEN,18,18,34.2,3.8,8.6,0.442,1.6,3.8,0.406,2.2,4.7,0.471,0.532,2.1,2.2,0.949,0.6,1.4,2.0,2.6,1.6,0.5,1.3,2.3,11.2
Toumani Camara,PF,23,POR,17,8,24.6,2.1,5.4,0.385,0.8,2.6,0.295,1.3,2.8,0.468,0.456,1.2,1.6,0.741,1.8,2.5,4.2,1.1,0.7,0.6,1.1,2.6,6.1
Clint Capela,C,29,ATL,17,17,24.3,4.5,7.7,0.588,0.0,0.0,0.0,4.5,7.7,0.588,0.588,1.5,2.6,0.591,4.4,5.4,9.8,0.9,0.8,1.6,0.7,2.1,10.6
Jevon Carter,PG,28,CHI,19,0,14.3,2.1,5.4,0.382,1.3,3.5,0.364,0.8,1.9,0.417,0.5,0.0,0.1,0.0,0.1,0.5,0.5,1.2,0.4,0.3,0.7,1.1,5.4
Wendell Carter Jr.,C,24,ORL,5,5,29.4,3.4,9.0,0.378,1.0,3.2,0.313,2.4,5.8,0.414,0.433,1.6,2.8,0.571,2.2,6.4,8.6,1.6,0.6,0.4,1.6,2.8,9.4
Alex Caruso,SG,29,CHI,16,5,23.7,3.4,6.2,0.545,1.6,3.5,0.464,1.8,2.7,0.651,0.677,1.3,1.7,0.778,1.3,2.3,3.5,2.2,1.4,0.8,1.0,2.4,9.7
Colin Castleton,C,23,LAL,2,0,9.5,1.0,2.0,0.5,0.0,0.0,0.0,1.0,2.0,0.5,0.5,0.0,0.0,0.0,1.0,0.5,1.5,1.0,0.0,0.0,0.0,2.5,2.0
Malcolm Cazalon,SG,22,DET,1,0,3.0,0.0,0.0,0.0,0.0,0.0,0.0,0.0,0.0,0.0,0.0,0.0,0.0,0.0,0.0,0.0,0.0,0.0,0.0,0.0,0.0,0.0,0.0
Julian Champagnie,SF,22,SAS,10,4,15.2,1.8,5.8,0.31,1.2,3.8,0.316,0.6,2.0,0.3,0.414,0.7,1.0,0.7,0.3,1.3,1.6,1.0,0.6,0.9,0.9,0.6,5.5
Max Christie,SG,20,LAL,13,3,16.9,1.8,4.5,0.397,0.5,2.1,0.222,1.3,2.4,0.548,0.448,0.3,0.4,0.8,0.2,2.7,2.9,1.0,0.4,0.2,0.7,1.3,4.3
Sidy Cissoko,SF,19,SAS,1,0,4.0,0.0,0.0,0.0,0.0,0.0,0.0,0.0,0.0,0.0,0.0,0.0,0.0,0.0,0.0,0.0,0.0,0.0,0.0,0.0,1.0,0.0,0.0
Jordan Clarkson,SG,31,UTA,16,16,31.8,6.6,16.0,0.414,1.8,5.8,0.312,4.8,10.2,0.472,0.471,3.1,3.6,0.845,1.3,2.1,3.3,4.9,0.9,0.1,3.1,1.5,18.1
Nic Claxton,C,24,BRK,8,8,27.3,5.6,8.4,0.672,0.0,0.0,0.0,5.6,8.4,0.672,0.672,1.4,2.5,0.55,2.8,5.5,8.3,1.5,0.6,2.9,0.8,2.5,12.6
Noah Clowney,PF,19,BRK,1,0,3.0,0.0,0.0,0.0,0.0,0.0,0.0,0.0,0.0,0.0,0.0,0.0,0.0,0.0,0.0,1.0,1.0,0.0,0.0,0.0,0.0,0.0,0.0
Amir Coffey,SF,26,LAC,8,0,7.0,0.5,1.5,0.333,0.0,0.4,0.0,0.5,1.1,0.444,0.333,0.5,0.5,1.0,0.3,0.6,0.9,0.4,0.1,0.0,0.3,0.4,1.5
John Collins,PF,26,UTA,17,17,31.2,5.5,11.1,0.495,1.5,3.6,0.41,4.0,7.5,0.535,0.561,2.0,2.8,0.723,2.8,5.6,8.4,0.8,0.6,0.8,1.2,3.0,14.4
Zach Collins,C,26,SAS,17,17,29.2,5.4,10.8,0.503,1.1,4.1,0.271,4.3,6.6,0.646,0.555,2.2,2.8,0.787,2.0,4.3,6.3,3.8,0.7,0.8,2.8,3.6,14.1
Mike Conley,PG,36,MIN,17,17,29.2,3.6,8.1,0.449,2.2,4.9,0.44,1.5,3.2,0.463,0.583,0.8,0.8,1.0,0.5,2.2,2.8,5.9,0.9,0.1,0.8,1.8,10.3
Pat Connaughton,SF,31,MIL,18,0,23.1,2.1,5.0,0.422,1.1,3.3,0.339,1.0,1.7,0.581,0.533,0.4,0.7,0.667,0.7,2.8,3.5,2.0,0.5,0.2,0.8,1.1,5.8
Bilal Coulibaly,SF,19,WAS,16,1,26.1,3.0,6.0,0.5,1.2,2.8,0.422,1.8,3.2,0.569,0.599,0.9,1.4,0.636,0.4,3.3,3.6,1.8,1.0,0.8,1.4,1.9,8.1
Robert Covington,SF-PF,33,TOT,17,6,17.4,1.5,3.7,0.413,0.6,2.1,0.278,0.9,1.6,0.593,0.492,0.6,0.8,0.786,1.2,2.1,3.4,0.9,1.4,0.8,0.2,1.8,4.3
Robert Covington,PF,33,LAC,3,3,23.0,1.0,3.0,0.333,0.7,2.7,0.25,0.3,0.3,1.0,0.444,0.3,0.7,0.5,0.7,2.0,2.7,2.3,2.0,0.7,0.0,2.3,3.0
Robert Covington,SF,33,PHI,14,3,16.2,1.6,3.9,0.426,0.6,2.0,0.286,1.1,1.9,0.577,0.5,0.7,0.9,0.833,1.4,2.1,3.5,0.6,1.3,0.8,0.3,1.7,4.6
Torrey Craig,SF,33,CHI,19,7,21.2,1.7,4.4,0.393,0.6,2.2,0.286,1.1,2.2,0.5,0.464,0.5,0.6,0.909,1.6,3.1,4.7,1.1,0.6,0.4,0.6,2.3,4.6
Jae Crowder,PF,33,MIL,9,2,26.7,2.8,5.2,0.532,1.8,3.4,0.516,1.0,1.8,0.563,0.702,0.8,1.3,0.583,0.4,3.4,3.9,1.7,0.8,0.3,0.4,1.6,8.1
Cade Cunningham,PG,22,DET,17,17,35.5,8.2,20.1,0.406,1.9,5.9,0.327,6.2,14.2,0.44,0.455,3.9,4.4,0.893,0.6,3.1,3.7,7.1,0.8,0.2,4.5,2.9,22.2
Seth Curry,SG,33,DAL,12,0,9.1,1.1,2.8,0.394,0.4,1.6,0.263,0.7,1.2,0.571,0.47,0.5,0.6,0.857,0.3,0.8,1.1,0.7,0.5,0.1,0.3,0.7,3.1
Stephen Curry,PG,35,GSW,16,16,33.3,9.1,19.1,0.479,5.3,12.1,0.435,3.9,7.0,0.554,0.616,6.2,6.6,0.943,0.8,4.1,4.9,4.1,0.8,0.2,3.8,1.9,29.7
Dyson Daniels,PG,20,NOP,18,11,28.1,3.1,7.6,0.409,0.8,3.3,0.254,2.3,4.3,0.526,0.464,0.8,1.3,0.625,1.2,3.9,5.1,3.8,1.6,0.4,1.5,2.1,7.9
Anthony Davis,C,30,LAL,17,17,35.3,8.4,15.3,0.546,0.2,0.6,0.3,8.2,14.7,0.556,0.552,4.9,5.8,0.848,3.2,8.8,12.1,3.3,1.1,2.8,2.4,3.1,21.8
Johnny Davis,SG,21,WAS,12,0,9.3,1.6,3.1,0.514,0.1,0.3,0.333,1.5,2.8,0.529,0.527,0.3,0.4,0.8,0.5,0.9,1.4,0.4,0.5,0.1,0.4,0.7,3.6
DeMar DeRozan,SF,34,CHI,18,18,35.2,7.5,16.7,0.45,0.9,2.4,0.364,6.6,14.2,0.465,0.477,5.4,6.7,0.81,0.9,2.3,3.2,4.6,1.0,0.8,1.2,2.1,21.3
Moussa Diabaté,C,22,LAC,8,0,6.8,1.1,2.3,0.5,0.0,0.0,0.0,1.1,2.3,0.5,0.5,0.9,1.3,0.7,1.8,0.6,2.4,0.5,0.5,0.0,0.3,0.5,3.1
Gradey Dick,SG,20,TOR,15,1,14.7,1.1,4.2,0.27,0.7,2.7,0.244,0.5,1.5,0.318,0.349,0.9,0.9,1.0,0.5,1.0,1.5,1.0,0.3,0.0,0.8,1.5,3.9
Ousmane Dieng,PF,20,OKC,12,0,10.2,1.1,3.1,0.351,0.6,2.2,0.269,0.5,0.9,0.545,0.446,0.3,0.3,0.75,0.5,1.3,1.8,0.9,0.1,0.0,0.3,0.6,3.0
Spencer Dinwiddie,PG,30,BRK,16,16,31.0,4.5,11.2,0.402,2.4,6.6,0.358,2.1,4.6,0.466,0.508,3.3,4.1,0.8,0.6,3.4,4.0,6.4,0.7,0.1,1.7,1.6,14.6
Donte DiVincenzo,SG,27,NYK,17,2,20.2,2.9,7.2,0.398,1.9,4.8,0.39,1.0,2.4,0.415,0.528,0.6,1.0,0.647,0.9,2.1,2.9,1.7,1.1,0.3,1.2,1.5,8.3
Luka Dončić,PG,24,DAL,17,17,35.2,10.8,22.0,0.489,3.8,9.7,0.388,7.0,12.3,0.569,0.575,5.8,7.5,0.773,0.6,7.4,8.0,7.9,1.3,0.4,3.6,1.8,31.1
Luguentz Dort,SF,24,OKC,17,17,28.1,3.4,7.5,0.449,1.8,4.1,0.429,1.6,3.4,0.474,0.567,1.8,2.2,0.789,1.0,2.9,3.9,1.1,0.9,0.8,1.0,3.0,10.2
Ayo Dosunmu,SG,24,CHI,17,0,15.5,2.1,4.4,0.467,0.8,2.1,0.371,1.3,2.4,0.55,0.553,0.6,0.8,0.786,0.5,1.0,1.5,1.4,0.5,0.1,0.5,1.5,5.5
Andre Drummond,C,30,CHI,19,0,13.1,2.3,4.3,0.524,0.0,0.1,0.0,2.3,4.3,0.531,0.524,1.0,1.8,0.559,2.4,3.6,6.0,0.6,1.1,0.3,1.0,1.6,5.5
Chris Duarte,SF,26,SAC,16,4,15.2,1.6,4.1,0.385,0.9,2.5,0.35,0.7,1.6,0.44,0.492,0.6,0.8,0.692,0.2,1.8,1.9,1.0,0.8,0.1,0.7,2.8,4.6
Kris Dunn,PG,29,UTA,13,1,10.3,1.5,3.4,0.432,0.3,0.7,0.444,1.2,2.7,0.429,0.477,0.4,0.6,0.625,0.3,1.5,1.8,1.9,0.5,0.1,1.2,1.3,3.6
Kevin Durant,PF,35,PHO,15,15,36.9,10.7,20.1,0.533,2.3,4.5,0.522,8.4,15.7,0.536,0.591,7.6,8.5,0.891,0.3,6.7,7.1,5.5,0.7,1.2,4.0,1.9,31.4
Jalen Duren,C,20,DET,10,9,29.3,5.6,9.2,0.609,0.0,0.2,0.0,5.6,9.0,0.622,0.609,1.4,2.1,0.667,3.9,7.3,11.2,3.2,0.7,1.5,3.0,3.8,12.6
Tari Eason,PF,22,HOU,8,0,17.8,3.0,6.3,0.48,0.8,1.8,0.429,2.3,4.5,0.5,0.54,0.4,0.9,0.429,1.5,4.5,6.0,0.9,0.5,1.1,0.8,2.3,7.1
Anthony Edwards,SG,22,MIN,17,17,35.1,9.2,19.9,0.464,2.5,6.7,0.377,6.7,13.2,0.509,0.528,5.2,6.1,0.864,0.8,5.1,5.9,5.0,1.3,0.5,3.2,1.9,26.2
Kessler Edwards,SF,23,SAC,13,0,6.5,0.5,1.5,0.3,0.3,1.0,0.308,0.2,0.5,0.286,0.4,0.1,0.2,0.5,0.2,0.9,1.1,0.4,0.2,0.2,0.1,0.6,1.3
Keon Ellis,SG,24,SAC,10,2,11.5,1.1,2.8,0.393,0.6,2.2,0.273,0.5,0.6,0.833,0.5,0.6,1.1,0.545,0.4,1.2,1.6,0.8,0.6,0.4,0.6,1.0,3.4
Joel Embiid,C,29,PHI,16,16,34.5,10.3,20.7,0.498,1.1,3.4,0.315,9.3,17.3,0.534,0.524,10.3,11.8,0.878,3.3,8.0,11.3,6.6,1.0,1.9,3.7,3.0,32.0
Drew Eubanks,C,26,PHO,16,0,18.1,2.9,4.6,0.622,0.1,0.1,1.0,2.8,4.5,0.611,0.635,1.4,1.8,0.821,1.6,3.0,4.6,1.6,0.2,1.1,1.2,2.2,7.3
Dante Exum,PG,28,DAL,16,0,10.6,2.0,3.9,0.508,0.3,1.1,0.235,1.8,2.9,0.609,0.54,0.6,0.9,0.6,0.5,1.8,2.3,1.5,0.3,0.1,0.3,1.0,4.8
Bruno Fernando,C,25,ATL,5,0,3.2,0.6,1.8,0.333,0.0,0.2,0.0,0.6,1.6,0.375,0.333,0.2,0.2,1.0,0.6,0.2,0.8,0.0,0.0,0.0,0.8,0.6,1.4
Dorian Finney-Smith,PF,30,BRK,17,16,30.9,4.1,8.9,0.454,2.6,6.0,0.441,1.4,2.9,0.48,0.602,0.1,0.2,0.333,2.0,3.5,5.5,1.5,0.4,0.6,0.9,2.5,10.8
Malachi Flynn,PG,25,TOR,18,0,17.0,2.1,4.8,0.437,1.0,2.7,0.367,1.1,2.1,0.526,0.54,0.6,0.8,0.714,0.4,1.5,1.9,2.1,0.7,0.2,1.0,1.4,5.8
Simone Fontecchio,SF,28,UTA,15,2,15.1,2.3,4.8,0.472,1.5,3.6,0.407,0.8,1.2,0.667,0.625,0.3,0.4,0.833,0.7,1.4,2.1,0.5,0.3,0.3,0.9,1.3,6.3
Jordan Ford,PG,25,SAC,4,0,3.0,0.5,1.3,0.4,0.3,0.5,0.5,0.3,0.8,0.333,0.5,0.5,0.5,1.0,0.0,0.3,0.3,0.3,0.0,0.0,0.0,0.0,1.8
Trent Forrest,SG,25,ATL,4,0,7.8,0.3,1.0,0.25,0.0,0.0,0.0,0.3,1.0,0.25,0.25,0.5,0.5,1.0,0.3,0.0,0.3,1.8,0.0,0.0,0.3,0.5,1.0
Evan Fournier,SG,31,NYK,1,0,16.0,1.0,6.0,0.167,0.0,4.0,0.0,1.0,2.0,0.5,0.167,0.0,0.0,0.0,0.0,1.0,1.0,1.0,1.0,0.0,0.0,2.0,2.0
De'Aaron Fox,PG,26,SAC,11,11,36.1,10.5,22.1,0.477,3.1,8.5,0.362,7.5,13.5,0.55,0.547,5.6,7.9,0.713,1.0,3.7,4.7,6.1,1.6,0.3,1.9,3.0,29.8
Alex Fudge,SF,20,LAL,2,0,3.0,0.5,1.0,0.5,0.0,0.0,0.0,0.5,1.0,0.5,0.5,0.0,0.0,0.0,0.0,0.0,0.0,0.0,0.0,0.0,0.5,0.0,1.0
Markelle Fultz,PG,25,ORL,5,5,28.6,5.4,11.2,0.482,0.0,0.6,0.0,5.4,10.6,0.509,0.482,0.6,0.8,0.75,1.6,1.8,3.4,4.0,1.2,0.4,1.2,1.2,11.4
Daniel Gafford,C,25,WAS,15,15,24.9,4.1,5.9,0.697,0.0,0.0,0.0,4.1,5.9,0.697,0.697,1.4,2.1,0.656,2.7,5.0,7.7,1.3,0.7,2.0,1.3,3.3,9.7
Danilo Gallinari,PF,35,WAS,15,0,15.6,2.8,5.9,0.477,0.9,2.7,0.325,1.9,3.2,0.604,0.551,1.7,2.1,0.813,0.6,2.5,3.1,1.6,0.2,0.2,0.5,1.0,8.2
Darius Garland,PG,24,CLE,13,13,33.1,6.9,14.3,0.484,1.5,4.4,0.351,5.4,9.9,0.543,0.538,4.0,4.8,0.825,0.5,2.1,2.6,5.8,1.5,0.2,4.2,1.7,19.4
Luka Garza,C,25,MIN,4,0,3.3,1.0,2.5,0.4,0.0,0.5,0.0,1.0,2.0,0.5,0.4,1.3,2.0,0.625,0.8,0.8,1.5,0.0,0.0,0.0,0.3,0.8,3.3
Kaiser Gates,SF,27,NOP,1,0,7.0,0.0,4.0,0.0,0.0,2.0,0.0,0.0,2.0,0.0,0.0,0.0,0.0,0.0,0.0,1.0,1.0,0.0,0.0,0.0,0.0,0.0,0.0
Keyonte George,PG,20,UTA,17,9,25.2,3.1,8.7,0.358,1.6,5.0,0.329,1.5,3.7,0.397,0.453,2.1,2.6,0.795,0.5,2.6,3.1,5.1,0.6,0.1,2.1,1.2,9.9
Paul George,PF,33,LAC,16,16,35.0,8.3,18.3,0.452,3.1,8.3,0.376,5.1,9.9,0.516,0.538,4.6,4.9,0.936,0.8,5.6,6.3,3.6,1.9,0.2,2.7,2.9,24.2
Josh Giddey,SG,21,OKC,17,17,27.2,5.2,12.0,0.431,0.5,1.8,0.29,4.6,10.2,0.457,0.453,1.1,1.5,0.76,1.5,4.3,5.8,4.5,0.8,0.5,2.6,1.2,12.0
Harry Giles,C,25,BRK,2,0,6.0,2.5,3.0,0.833,0.5,1.0,0.5,2.0,2.0,1.0,0.917,0.5,0.5,1.0,0.0,1.0,1.0,0.0,0.0,0.0,0.5,1.0,6.0
Shai Gilgeous-Alexander,PG,25,OKC,16,16,34.3,11.2,20.8,0.538,1.3,3.5,0.357,9.9,17.3,0.574,0.568,6.9,7.3,0.94,0.9,5.1,6.0,6.1,2.4,0.9,2.3,2.3,30.5
Anthony Gill,PF,31,WAS,10,0,6.4,1.0,1.9,0.526,0.0,0.2,0.0,1.0,1.7,0.588,0.526,1.0,1.2,0.833,0.4,0.8,1.2,0.5,0.3,0.3,0.7,0.5,3.0
Collin Gillespie,PG,24,DEN,9,0,8.7,0.9,2.0,0.444,0.3,1.2,0.273,0.6,0.8,0.714,0.528,0.1,0.1,1.0,0.0,0.3,0.3,0.9,0.6,0.0,0.3,1.0,2.2
Jacob Gilyard,PG,25,MEM,13,7,17.6,1.5,3.4,0.432,1.2,3.0,0.41,0.2,0.4,0.6,0.614,0.1,0.1,1.0,0.5,0.9,1.4,3.3,0.7,0.1,0.6,1.2,4.2
Rudy Gobert,C,31,MIN,17,17,32.1,4.6,7.8,0.586,0.0,0.0,0.0,4.6,7.8,0.586,0.586,3.2,5.4,0.604,3.8,7.8,11.5,1.2,0.6,2.3,1.7,2.8,12.4
Jordan Goodwin,PG,25,PHO,17,0,16.4,2.3,5.9,0.386,1.1,2.9,0.36,1.2,3.0,0.412,0.475,0.6,0.8,0.786,0.9,2.5,3.5,2.1,0.9,0.4,0.7,1.1,6.3
Aaron Gordon,PF,28,DEN,16,16,33.9,5.5,11.3,0.486,0.5,2.3,0.222,5.0,9.1,0.552,0.508,1.6,3.1,0.52,2.6,4.6,7.2,3.8,1.1,0.9,1.8,1.9,13.1
Eric Gordon,SG,35,PHO,16,12,31.4,5.7,12.1,0.469,2.9,7.1,0.404,2.8,5.0,0.563,0.588,0.7,0.9,0.786,0.4,1.8,2.1,3.1,1.0,0.6,1.5,1.5,14.9
Devonte' Graham,PG,28,SAS,3,0,12.0,0.7,2.3,0.286,0.0,1.3,0.0,0.7,1.0,0.667,0.286,1.3,1.7,0.8,0.3,0.3,0.7,3.7,0.7,0.3,0.7,0.7,2.7
Jerami Grant,PF,29,POR,17,17,35.9,7.9,17.5,0.451,2.7,6.4,0.426,5.2,11.1,0.466,0.529,4.9,6.1,0.816,0.8,3.2,4.0,2.3,0.8,0.9,2.4,2.1,23.4
A.J. Green,SG,24,MIL,11,0,7.5,1.0,2.7,0.367,0.7,2.4,0.308,0.3,0.4,0.75,0.5,0.1,0.1,1.0,0.1,0.6,0.7,0.7,0.0,0.0,0.0,0.7,2.8
Danny Green,SG,36,PHI,2,0,9.0,0.0,1.0,0.0,0.0,0.5,0.0,0.0,0.5,0.0,0.0,0.0,0.0,0.0,0.0,1.0,1.0,0.5,0.5,0.0,0.0,0.5,0.0
Draymond Green,PF,33,GSW,10,10,23.3,3.0,6.4,0.469,1.1,2.4,0.458,1.9,4.0,0.475,0.555,1.6,1.8,0.889,1.3,3.9,5.2,5.4,0.6,0.7,2.0,2.6,8.7
Jalen Green,SG,21,HOU,15,15,31.7,6.4,15.3,0.417,2.1,6.1,0.337,4.3,9.2,0.471,0.485,4.3,5.4,0.79,0.4,3.9,4.3,3.0,0.7,0.4,2.3,1.7,19.1
Jeff Green,PF,37,HOU,15,0,14.3,2.0,3.7,0.545,0.3,1.2,0.278,1.7,2.5,0.676,0.591,1.6,2.1,0.774,0.9,1.5,2.3,0.5,0.1,0.4,0.5,0.9,5.9
Josh Green,SG,23,DAL,17,4,24.9,2.5,5.8,0.424,1.3,3.5,0.367,1.2,2.3,0.513,0.535,0.5,0.9,0.5,0.6,2.4,2.9,2.2,0.8,0.2,0.8,1.8,6.7
AJ Griffin,SF,20,ATL,11,0,9.2,0.9,3.0,0.303,0.7,2.2,0.333,0.2,0.8,0.222,0.424,0.2,0.2,1.0,0.2,0.7,0.9,0.3,0.1,0.0,0.4,0.5,2.7
Quentin Grimes,SG,23,NYK,15,15,23.7,2.4,6.3,0.383,1.9,5.2,0.372,0.5,1.1,0.438,0.537,0.0,0.1,0.0,0.2,1.1,1.3,1.3,0.7,0.0,0.6,1.7,6.7
Mouhamed Gueye,PF,21,ATL,2,0,2.0,0.0,0.5,0.0,0.0,0.5,0.0,0.0,0.0,0.0,0.0,0.0,0.0,0.0,0.0,0.0,0.0,0.0,0.5,0.0,0.0,0.5,0.0
Rui Hachimura,PF,25,LAL,12,1,23.3,4.3,8.6,0.505,1.3,2.9,0.429,3.1,5.7,0.544,0.578,1.8,2.3,0.786,1.0,2.8,3.8,1.0,0.9,0.3,1.0,1.5,11.8
Tyrese Haliburton,PG,23,IND,15,15,33.5,8.9,17.1,0.518,3.8,8.3,0.456,5.1,8.8,0.576,0.628,4.3,4.7,0.915,0.5,3.3,3.7,11.9,0.9,0.7,2.5,1.1,25.9
R.J. Hampton,PG,22,MIA,1,0,2.0,0.0,1.0,0.0,0.0,0.0,0.0,0.0,1.0,0.0,0.0,0.0,0.0,0.0,0.0,0.0,0.0,0.0,0.0,0.0,0.0,0.0,0.0
Tim Hardaway Jr.,SF,31,DAL,17,0,27.5,5.7,13.6,0.42,3.4,8.9,0.384,2.3,4.7,0.488,0.545,1.9,2.2,0.892,0.4,3.0,3.4,1.6,0.2,0.0,0.8,0.9,16.8
James Harden,SG,34,LAC,11,11,32.8,4.2,9.5,0.442,2.0,5.5,0.367,2.2,4.0,0.545,0.548,3.7,4.5,0.837,0.4,4.3,4.6,6.2,1.4,0.5,2.4,1.6,14.1
Jaden Hardy,SG,21,DAL,14,0,10.4,2.1,5.4,0.382,0.7,2.4,0.303,1.4,3.1,0.442,0.447,1.2,1.6,0.739,0.3,1.1,1.4,1.0,0.3,0.0,0.6,0.8,6.1
Ron Harper Jr.,PF,23,TOR,1,0,4.0,0.0,0.0,0.0,0.0,0.0,0.0,0.0,0.0,0.0,0.0,0.0,0.0,0.0,0.0,0.0,0.0,1.0,0.0,0.0,0.0,2.0,0.0
Gary Harris,SG,29,ORL,12,2,20.8,2.8,5.8,0.493,1.8,4.2,0.42,1.1,1.6,0.684,0.645,0.8,1.0,0.75,0.7,1.3,2.0,1.8,0.9,0.3,0.5,1.2,8.2
Joe Harris,SG,32,DET,7,0,14.0,1.3,3.6,0.36,0.9,2.7,0.316,0.4,0.9,0.5,0.48,0.0,0.0,0.0,0.3,0.7,1.0,0.9,0.3,0.0,0.4,1.7,3.4
Tobias Harris,PF,31,PHI,17,17,35.4,7.0,13.3,0.527,1.1,3.5,0.322,5.9,9.8,0.599,0.569,3.5,3.8,0.908,0.8,5.4,6.2,2.7,0.8,0.4,1.6,1.6,18.6
Shaquille Harrison,SG,30,MEM,2,0,2.0,0.5,1.0,0.5,0.0,0.0,0.0,0.5,1.0,0.5,0.5,0.0,0.0,0.0,0.0,0.5,0.5,0.0,0.0,0.5,0.0,0.0,1.0
Josh Hart,SF,28,NYK,17,5,28.4,3.1,7.0,0.445,0.9,3.1,0.308,2.2,3.9,0.552,0.513,0.5,0.6,0.818,1.0,5.1,6.1,2.6,0.9,0.3,0.9,1.6,7.7
Isaiah Hartenstein,C,25,NYK,17,0,17.0,2.3,4.1,0.565,0.1,0.2,0.333,2.2,3.9,0.576,0.572,1.1,1.6,0.667,2.5,2.4,4.9,1.0,0.9,0.5,0.8,2.8,5.7
Sam Hauser,SF,26,BOS,18,2,22.8,3.3,7.2,0.465,2.7,6.4,0.426,0.6,0.8,0.786,0.655,0.3,0.3,0.833,0.8,2.6,3.4,0.8,0.5,0.3,0.5,1.5,9.7
Jordan Hawkins,SG,21,NOP,18,9,28.9,4.4,11.2,0.396,2.8,7.5,0.37,1.7,3.7,0.448,0.52,1.7,2.0,0.861,0.8,3.3,4.1,2.0,0.6,0.0,1.1,2.1,13.4
Jaxson Hayes,C,23,LAL,16,0,11.5,1.4,1.9,0.71,0.0,0.1,0.0,1.4,1.8,0.759,0.71,0.8,1.3,0.571,0.4,1.3,1.7,0.4,0.3,0.5,0.8,1.9,3.5
Killian Hayes,PG,22,DET,16,13,26.7,3.3,8.4,0.393,0.9,2.9,0.304,2.4,5.6,0.438,0.444,1.1,1.5,0.75,0.3,2.4,2.8,4.2,1.1,0.7,0.8,2.0,8.6
Gordon Hayward,SF,33,CHO,15,15,32.3,5.1,12.3,0.411,0.8,2.5,0.324,4.3,9.9,0.432,0.443,2.3,3.3,0.714,1.1,4.2,5.3,4.6,1.2,0.5,1.8,1.9,13.3
Scoot Henderson,PG,19,POR,8,5,26.0,3.5,9.9,0.354,0.9,3.9,0.226,2.6,6.0,0.438,0.399,1.3,1.9,0.667,0.8,1.9,2.6,4.0,0.5,0.1,3.6,4.3,9.1
Taylor Hendricks,PF,20,UTA,1,0,2.0,0.0,0.0,0.0,0.0,0.0,0.0,0.0,0.0,0.0,0.0,1.0,2.0,0.5,0.0,1.0,1.0,0.0,0.0,0.0,0.0,0.0,1.0
Tyler Herro,SG,24,MIA,8,8,34.0,8.5,19.0,0.447,3.1,7.6,0.41,5.4,11.4,0.473,0.53,2.8,3.1,0.88,0.4,4.6,5.0,4.6,1.4,0.0,2.5,1.6,22.9
Buddy Hield,SF,31,IND,16,4,24.4,5.1,10.9,0.463,3.1,7.5,0.417,1.9,3.4,0.564,0.606,0.4,0.4,0.857,0.5,2.4,2.9,2.6,0.6,0.6,1.6,1.7,13.6
Haywood Highsmith,PF,27,MIA,13,12,24.3,2.6,6.1,0.43,1.2,3.6,0.34,1.4,2.5,0.563,0.532,0.8,1.0,0.846,0.7,2.4,3.1,1.7,1.3,0.8,1.0,2.1,7.3
Nate Hinton,SG,24,HOU,2,0,4.0,1.0,2.0,0.5,1.0,1.0,1.0,0.0,1.0,0.0,0.75,0.0,0.0,0.0,0.0,0.0,0.0,0.0,0.0,0.0,0.0,0.5,3.0
D'Moi Hodge,SG,25,LAL,4,0,6.0,0.5,2.0,0.25,0.3,1.8,0.143,0.3,0.3,1.0,0.313,0.3,0.5,0.5,0.0,0.0,0.0,0.5,0.0,0.3,0.3,0.8,1.5
Aaron Holiday,PG,27,HOU,13,0,17.2,2.2,4.8,0.46,1.0,2.5,0.406,1.2,2.4,0.516,0.563,0.4,0.5,0.833,0.2,1.6,1.8,1.8,0.6,0.1,0.5,1.8,5.8
Jrue Holiday,PG,33,BOS,16,16,34.5,4.8,11.1,0.429,1.7,4.6,0.37,3.1,6.5,0.471,0.506,1.2,1.5,0.792,1.9,5.4,7.4,5.1,0.6,0.9,2.2,1.7,12.4
Justin Holiday,SG,34,DEN,9,2,12.2,1.3,2.4,0.545,0.9,1.9,0.471,0.4,0.6,0.8,0.727,0.0,0.0,0.0,0.1,1.3,1.4,0.7,0.3,0.0,0.3,1.0,3.6
Richaun Holmes,C,30,DAL,8,1,11.0,1.3,2.5,0.5,0.0,0.0,0.0,1.3,2.5,0.5,0.5,0.4,1.0,0.375,1.5,2.4,3.9,0.4,0.0,0.4,0.6,2.0,2.9
Chet Holmgren,C,21,OKC,17,17,30.1,6.3,11.7,0.538,1.8,4.2,0.431,4.5,7.5,0.598,0.616,3.5,4.1,0.87,1.7,6.3,8.0,2.7,0.9,2.2,1.9,2.8,17.9
Jalen Hood-Schifino,SG,20,LAL,1,0,11.0,0.0,3.0,0.0,0.0,2.0,0.0,0.0,1.0,0.0,0.0,0.0,0.0,0.0,0.0,0.0,0.0,2.0,0.0,0.0,1.0,1.0,0.0
Al Horford,C,37,BOS,16,6,25.8,2.7,5.9,0.457,1.3,3.8,0.35,1.4,2.1,0.647,0.569,0.2,0.2,1.0,1.6,5.1,6.6,2.8,0.5,1.0,0.9,1.8,6.9
Talen Horton-Tucker,PG,23,UTA,17,8,22.5,3.5,9.2,0.378,1.1,3.8,0.292,2.4,5.4,0.44,0.439,1.3,1.5,0.88,0.5,2.5,3.0,4.8,0.9,0.5,2.1,2.4,9.4
Danuel House Jr.,SF,30,PHI,10,0,12.7,1.3,3.1,0.419,0.4,1.6,0.25,0.9,1.5,0.6,0.484,0.8,1.0,0.8,0.4,1.0,1.4,0.8,0.5,0.1,0.9,1.0,3.8
Caleb Houstan,SF,21,ORL,10,0,6.9,0.7,1.5,0.467,0.6,1.4,0.429,0.1,0.1,1.0,0.667,0.4,0.4,1.0,0.2,0.8,1.0,0.4,0.2,0.0,0.2,0.5,2.4
Jett Howard,SF,20,ORL,5,0,4.6,0.2,2.0,0.1,0.0,1.6,0.0,0.2,0.4,0.5,0.1,0.0,0.0,0.0,0.2,0.2,0.4,0.4,0.0,0.0,0.4,0.0,0.4
Kevin Huerter,SG,25,SAC,15,15,27.7,4.9,11.0,0.442,2.6,6.9,0.379,2.3,4.1,0.548,0.561,0.9,1.1,0.813,0.7,3.9,4.6,3.0,0.9,0.3,0.8,2.4,13.2
Jay Huff,C,25,DEN,1,0,2.0,1.0,1.0,1.0,0.0,0.0,0.0,1.0,1.0,1.0,1.0,0.0,0.0,0.0,0.0,0.0,0.0,0.0,0.0,0.0,0.0,0.0,2.0
De'Andre Hunter,SF,26,ATL,17,17,30.4,4.9,10.7,0.462,1.8,5.1,0.36,3.1,5.6,0.552,0.547,2.9,3.3,0.875,0.8,3.4,4.2,1.4,0.9,0.4,1.4,3.2,14.6
Bones Hyland,PG,23,LAC,10,2,19.6,3.7,8.7,0.425,1.7,4.7,0.362,2.0,4.0,0.5,0.523,0.9,1.0,0.9,0.2,1.2,1.4,2.4,0.6,0.0,1.9,2.1,10.0
Joe Ingles,SF,36,ORL,17,0,18.6,1.4,3.6,0.377,0.9,2.5,0.357,0.5,1.1,0.421,0.5,0.4,0.5,0.875,0.5,2.1,2.5,3.2,0.9,0.1,0.9,1.5,4.0
Brandon Ingram,SF,26,NOP,15,15,33.8,9.9,19.8,0.502,1.3,4.5,0.294,8.6,15.3,0.563,0.535,3.4,4.5,0.761,0.6,4.6,5.2,5.1,0.6,0.1,2.7,2.1,24.6
Kyrie Irving,SG,31,DAL,14,14,33.1,9.1,19.5,0.469,2.8,7.1,0.39,6.4,12.4,0.514,0.54,3.5,3.9,0.907,0.7,3.4,4.1,5.5,1.1,0.4,1.5,1.9,24.6
Jonathan Isaac,PF,26,ORL,14,0,13.9,2.2,5.1,0.437,0.6,2.4,0.235,1.6,2.6,0.622,0.493,1.6,2.0,0.786,1.2,3.2,4.4,0.4,0.9,1.3,0.7,1.4,6.6
Jaden Ivey,SG,21,DET,13,4,23.7,4.7,8.9,0.526,1.2,3.3,0.349,3.5,5.6,0.63,0.591,2.2,2.8,0.757,1.0,1.9,2.9,3.2,0.8,0.4,2.3,2.5,12.7
Andre Jackson Jr.,SG,22,MIL,14,3,8.4,0.9,1.4,0.632,0.4,0.7,0.6,0.4,0.6,0.667,0.789,0.0,0.0,0.0,0.6,0.7,1.4,0.7,0.2,0.0,0.5,1.6,2.1
Gregory Jackson II,PF,19,MEM,3,0,2.3,0.0,1.3,0.0,0.0,0.7,0.0,0.0,0.7,0.0,0.0,0.0,0.0,0.0,0.3,0.7,1.0,0.0,0.3,0.0,0.3,0.0,0.0
Isaiah Jackson,C,22,IND,9,0,14.0,1.8,3.4,0.516,0.0,0.1,0.0,1.8,3.3,0.533,0.516,1.6,2.3,0.667,1.8,2.8,4.6,0.9,0.4,2.0,0.6,3.2,5.1
Jaren Jackson Jr.,C,24,MEM,16,16,31.3,6.4,15.5,0.411,1.5,5.1,0.296,4.9,10.4,0.467,0.46,5.2,6.4,0.814,1.8,4.3,6.1,1.9,0.6,1.6,1.9,3.4,19.4
Reggie Jackson,PG,33,DEN,18,11,26.6,5.2,10.3,0.503,1.6,3.8,0.406,3.6,6.4,0.56,0.578,0.9,1.4,0.654,0.4,2.1,2.6,4.5,0.8,0.3,1.8,1.8,12.8
Trayce Jackson-Davis,PF,23,GSW,13,0,7.8,0.9,1.7,0.545,0.0,0.0,0.0,0.9,1.7,0.545,0.545,1.2,1.9,0.6,0.8,0.9,1.8,0.5,0.2,0.5,0.5,1.4,3.0
LeBron James,PF,39,LAL,17,17,33.6,9.4,16.7,0.563,2.2,5.7,0.392,7.2,11.0,0.652,0.63,4.0,5.8,0.687,0.7,6.8,7.5,6.5,1.5,0.8,3.6,1.2,25.1
Jaime Jaquez Jr.,SF,22,MIA,18,4,26.2,4.7,8.9,0.522,1.2,3.1,0.393,3.4,5.8,0.59,0.59,0.8,0.9,0.824,1.3,2.6,3.8,2.6,1.1,0.2,1.4,2.3,11.3
DaQuan Jeffries,SG,26,NYK,7,0,2.7,0.4,1.1,0.375,0.1,0.6,0.25,0.3,0.6,0.5,0.438,0.0,0.3,0.0,0.0,0.4,0.4,0.1,0.0,0.0,0.1,0.1,1.0
Ty Jerome,SG,26,CLE,2,0,7.5,1.0,2.0,0.5,0.0,0.5,0.0,1.0,1.5,0.667,0.5,0.0,0.0,0.0,0.5,0.0,0.5,1.5,0.0,0.0,0.5,1.0,2.0
Isaiah Joe,SG,24,OKC,17,0,20.7,3.5,7.5,0.461,2.8,6.0,0.471,0.6,1.5,0.423,0.648,1.2,1.4,0.833,0.1,2.1,2.1,1.2,0.9,0.2,0.5,1.3,10.9
Cameron Johnson,PF,27,BRK,10,10,29.2,5.5,11.7,0.47,2.3,6.2,0.371,3.2,5.5,0.582,0.568,1.9,2.2,0.864,1.5,4.3,5.8,3.0,1.0,0.1,1.5,1.8,15.2
Jalen Johnson,SF,22,ATL,15,12,29.9,5.7,9.5,0.594,1.1,2.7,0.425,4.5,6.9,0.66,0.654,1.7,2.2,0.758,1.3,5.9,7.3,2.4,1.1,1.0,2.0,2.2,14.1
Keldon Johnson,SF,24,SAS,16,16,32.8,6.3,13.4,0.465,2.0,5.8,0.348,4.3,7.7,0.553,0.54,2.1,2.9,0.702,1.0,5.2,6.2,4.3,0.8,0.3,1.2,2.6,16.6
Keyontae Johnson,SF,23,OKC,1,0,6.0,0.0,1.0,0.0,0.0,0.0,0.0,0.0,1.0,0.0,0.0,0.0,0.0,0.0,0.0,0.0,0.0,0.0,0.0,0.0,0.0,0.0,0.0
Nikola Jokić,C,28,DEN,17,17,33.8,11.4,20.0,0.568,1.4,4.4,0.311,10.0,15.6,0.639,0.601,4.8,6.0,0.794,3.3,10.1,13.4,8.9,1.2,0.8,3.2,2.5,28.8
Colby Jones,SG,21,SAC,8,0,8.6,1.5,3.3,0.462,0.1,0.9,0.143,1.4,2.4,0.579,0.481,0.3,0.4,0.667,0.6,1.0,1.6,0.3,0.3,0.1,0.4,1.1,3.4
Damian Jones,C,28,CLE,10,0,5.1,0.4,0.8,0.5,0.0,0.0,0.0,0.4,0.8,0.5,0.5,0.1,0.2,0.5,0.4,0.6,1.0,0.3,0.1,0.2,0.3,0.3,0.9
Derrick Jones Jr.,SF,26,DAL,17,16,22.4,3.1,6.4,0.486,1.4,3.7,0.381,1.7,2.7,0.63,0.596,1.0,1.4,0.739,1.0,2.6,3.6,1.0,0.5,0.7,0.9,1.5,8.6
Herbert Jones,SF,25,NOP,15,15,30.8,3.9,7.6,0.518,1.2,3.4,0.353,2.7,4.2,0.651,0.596,2.4,2.8,0.857,0.7,3.4,4.1,2.7,1.9,1.4,1.5,3.8,11.5
Tre Jones,PG,24,SAS,14,0,24.0,3.1,7.1,0.434,0.5,2.0,0.25,2.6,5.1,0.507,0.47,1.4,1.6,0.909,0.6,2.4,3.0,5.1,0.9,0.3,1.4,1.3,8.1
Tyus Jones,PG,27,WAS,17,17,27.2,4.7,9.4,0.503,1.1,3.1,0.34,3.6,6.2,0.585,0.56,0.5,0.6,0.727,0.4,2.4,2.8,4.9,0.8,0.1,0.7,0.9,10.9
DeAndre Jordan,C,35,DEN,3,1,19.3,3.7,4.7,0.786,0.0,0.0,0.0,3.7,4.7,0.786,0.786,2.0,5.3,0.375,1.7,5.0,6.7,2.3,0.7,0.3,1.3,2.7,9.3
Cory Joseph,PG,32,GSW,8,0,8.9,0.8,2.6,0.286,0.5,1.8,0.286,0.3,0.9,0.286,0.381,0.4,0.6,0.6,0.3,0.6,0.9,2.0,0.4,0.1,0.6,0.9,2.4
Nikola Jović,PF,20,MIA,3,1,15.0,1.3,3.7,0.364,1.0,2.0,0.5,0.3,1.7,0.2,0.5,1.0,1.3,0.75,0.3,6.7,7.0,3.0,0.3,0.0,1.3,2.3,4.7
Luke Kennard,SG,27,MEM,8,0,21.5,2.6,7.3,0.362,2.1,5.8,0.37,0.5,1.5,0.333,0.509,0.9,0.9,1.0,0.4,2.5,2.9,2.0,0.6,0.1,0.6,0.5,8.3
Walker Kessler,C,22,UTA,10,8,23.9,4.0,7.0,0.571,0.2,0.7,0.286,3.8,6.3,0.603,0.586,0.9,1.5,0.6,3.4,4.8,8.2,0.5,0.1,2.1,1.1,2.6,9.1
Braxton Key,SF,26,DEN,5,0,2.4,0.2,1.0,0.2,0.0,0.4,0.0,0.2,0.6,0.333,0.2,0.0,0.0,0.0,0.0,0.4,0.4,0.8,0.0,0.0,0.0,0.4,0.4
Corey Kispert,SF,24,WAS,16,1,23.1,3.6,8.1,0.446,1.8,5.2,0.349,1.8,2.9,0.617,0.558,1.4,1.8,0.821,0.6,2.2,2.8,1.5,0.4,0.0,1.0,1.8,10.5
Maxi Kleber,C,32,DAL,5,1,18.0,0.8,3.2,0.25,0.6,1.8,0.333,0.2,1.4,0.143,0.344,1.2,2.0,0.6,0.8,3.4,4.2,2.0,0.2,0.2,0.8,1.6,3.4
Kevin Knox,SF,24,DET,4,2,27.5,4.8,9.3,0.514,2.0,4.5,0.444,2.8,4.8,0.579,0.622,0.3,0.5,0.5,1.3,4.0,5.3,0.8,1.0,0.3,1.0,2.8,11.8
John Konchar,SF,27,MEM,13,2,18.7,1.2,3.3,0.349,0.6,1.9,0.32,0.5,1.4,0.389,0.442,0.1,0.2,0.5,1.2,3.1,4.2,1.7,0.6,0.7,0.3,1.2,3.0
Furkan Korkmaz,SG,26,PHI,12,0,7.2,0.9,2.2,0.423,0.3,1.0,0.333,0.6,1.2,0.5,0.5,0.4,0.6,0.714,0.1,0.5,0.6,0.5,0.7,0.0,0.5,0.3,2.6
Luke Kornet,C,28,BOS,13,0,13.5,2.0,2.5,0.813,0.0,0.0,0.0,2.0,2.5,0.813,0.813,0.6,0.8,0.8,1.3,2.2,3.5,0.5,0.5,0.7,0.4,1.2,4.6
Jonathan Kuminga,PF,21,GSW,17,1,19.8,3.9,9.0,0.438,0.4,2.1,0.194,3.5,6.9,0.513,0.461,2.6,3.8,0.703,0.8,2.1,2.9,0.9,0.5,0.4,1.4,2.5,10.9
Kyle Kuzma,PF,28,WAS,17,17,30.7,9.1,19.4,0.471,2.4,6.6,0.363,6.7,12.7,0.528,0.533,2.8,3.4,0.825,1.0,5.2,6.2,4.8,0.3,0.6,2.2,1.8,23.4
Jock Landale,C,28,HOU,11,0,8.7,0.6,2.0,0.318,0.2,0.8,0.222,0.5,1.2,0.385,0.364,0.2,0.2,1.0,0.8,1.2,2.0,0.7,0.3,0.2,0.6,0.6,1.6
Jake LaRavia,PF,22,MEM,5,0,12.2,1.4,4.0,0.35,0.4,2.4,0.167,1.0,1.6,0.625,0.4,0.2,0.4,0.5,0.6,1.0,1.6,0.4,0.2,0.0,0.4,1.6,3.4
Zach LaVine,SG,28,CHI,18,18,35.3,7.3,16.6,0.443,2.4,7.1,0.336,4.9,9.4,0.524,0.515,3.9,4.6,0.866,0.3,4.6,4.9,3.4,0.9,0.2,2.0,2.1,21.0
Saben Lee,PG,24,PHO,3,0,3.3,1.0,2.0,0.5,0.0,0.3,0.0,1.0,1.7,0.6,0.5,0.0,0.0,0.0,0.7,0.3,1.0,1.0,0.0,0.3,0.0,0.3,2.0
Alex Len,C,30,SAC,6,0,6.8,1.0,1.3,0.75,0.0,0.2,0.0,1.0,1.2,0.857,0.75,0.5,1.2,0.429,1.2,1.5,2.7,0.8,0.2,0.8,0.3,0.3,2.5
Kawhi Leonard,SF,32,LAC,16,16,33.9,7.7,17.1,0.451,2.2,5.9,0.372,5.5,11.2,0.492,0.515,3.5,4.1,0.848,1.0,4.6,5.6,3.4,1.7,0.7,1.6,1.5,21.1
Caris LeVert,SG,29,CLE,15,1,30.7,5.7,13.6,0.417,1.7,5.5,0.313,3.9,8.1,0.488,0.48,2.5,3.3,0.74,0.4,3.4,3.8,3.7,1.1,0.4,1.3,1.7,15.5
Kira Lewis Jr.,PG,22,NOP,11,0,11.0,1.3,3.9,0.326,0.2,1.4,0.133,1.1,2.5,0.429,0.349,0.7,0.8,0.889,0.3,0.6,0.9,1.6,0.5,0.1,0.5,0.7,3.5
Maxwell Lewis,SF,21,LAL,7,0,4.1,0.0,0.6,0.0,0.0,0.0,0.0,0.0,0.6,0.0,0.0,0.0,0.0,0.0,0.1,0.1,0.3,0.0,0.0,0.0,0.6,0.0,0.0
E.J. Liddell,PF,23,NOP,3,0,3.0,0.3,1.3,0.25,0.0,1.0,0.0,0.3,0.3,1.0,0.25,0.7,0.7,1.0,0.0,0.7,0.7,0.0,0.0,0.3,0.3,0.3,1.3
Damian Lillard,PG,33,MIL,16,16,34.3,7.2,17.3,0.417,2.9,8.8,0.336,4.3,8.5,0.5,0.502,8.7,9.4,0.927,0.7,3.8,4.4,6.4,1.0,0.1,2.4,1.3,26.0
Nassir Little,PF,23,PHO,12,0,14.8,2.1,4.2,0.5,0.8,2.5,0.333,1.3,1.7,0.75,0.6,1.0,1.2,0.857,0.5,1.8,2.3,0.6,0.8,0.6,0.3,1.5,6.0
Dereck Lively II,C,19,DAL,15,14,24.3,3.6,5.1,0.711,0.0,0.1,0.0,3.6,4.9,0.73,0.711,0.9,1.5,0.636,2.9,4.5,7.5,1.3,0.5,1.1,1.0,3.4,8.1
Isaiah Livers,PF,25,DET,3,0,24.0,2.3,7.7,0.304,1.3,5.0,0.267,1.0,2.7,0.375,0.391,1.3,1.3,1.0,0.7,1.7,2.3,1.3,0.3,0.0,1.3,1.7,7.3
Chris Livingston,SF,20,MIL,2,0,4.5,1.0,1.0,1.0,0.5,0.5,1.0,0.5,0.5,1.0,1.25,0.0,0.0,0.0,0.0,0.0,0.0,0.5,0.0,0.0,0.0,0.0,2.5
Kenneth Lofton Jr.,PF,21,MEM,12,0,7.7,1.1,2.7,0.406,0.2,0.7,0.25,0.9,2.0,0.458,0.438,0.5,1.1,0.462,0.2,0.8,1.0,1.0,0.2,0.3,0.5,1.3,2.8
Kevon Looney,C,27,GSW,18,16,24.1,2.5,4.2,0.6,0.0,0.0,0.0,2.5,4.2,0.6,0.6,0.9,1.3,0.696,3.1,5.8,8.9,2.8,0.8,0.3,1.0,2.9,5.9
Brook Lopez,C,35,MIL,18,18,29.1,5.1,10.0,0.506,1.7,4.9,0.341,3.4,5.1,0.663,0.589,1.4,1.7,0.839,1.4,3.7,5.1,1.3,0.9,2.8,0.9,2.2,13.2
Robin Lopez,C,35,MIL,3,0,3.0,0.0,0.0,0.0,0.0,0.0,0.0,0.0,0.0,0.0,0.0,0.7,0.7,1.0,0.0,0.0,0.0,0.3,0.0,0.0,0.3,0.7,0.7
Kevin Love,PF,35,MIA,12,4,17.7,2.3,6.5,0.359,1.4,4.6,0.309,0.9,1.9,0.478,0.468,1.5,1.8,0.818,1.2,5.7,6.8,2.0,0.1,0.0,0.7,1.8,7.6
Kyle Lowry,PG,37,MIA,17,17,29.6,3.1,7.0,0.445,2.2,4.8,0.457,0.9,2.2,0.421,0.601,0.9,1.1,0.889,0.9,3.2,4.1,4.5,1.4,0.2,1.5,2.8,9.4
Trey Lyles,PF,28,SAC,3,0,23.7,3.0,6.7,0.45,2.3,5.7,0.412,0.7,1.0,0.667,0.625,2.3,3.3,0.7,1.3,5.7,7.0,0.0,0.0,0.3,1.7,2.7,10.7
Théo Maledon,PG,22,CHO,13,1,15.4,1.5,5.1,0.288,0.4,2.3,0.167,1.1,2.8,0.389,0.326,0.8,0.9,0.917,0.3,1.5,1.8,2.2,0.5,0.0,1.2,1.4,4.2
Sandro Mamukelashvili,C,24,SAS,6,0,8.2,0.8,2.0,0.417,0.2,0.8,0.2,0.7,1.2,0.571,0.458,0.8,1.0,0.833,0.8,1.2,2.0,1.2,0.3,0.2,0.5,1.2,2.7
Terance Mann,SG,27,LAC,10,6,25.7,2.2,5.3,0.415,0.3,2.3,0.13,1.9,3.0,0.633,0.443,0.7,1.2,0.583,1.2,2.9,4.1,2.4,0.9,0.5,0.7,2.3,5.4
Tre Mann,PG,22,OKC,5,0,8.8,2.0,3.6,0.556,0.6,1.6,0.375,1.4,2.0,0.7,0.639,0.2,0.2,1.0,0.6,1.6,2.2,1.2,0.2,0.0,1.0,0.2,4.8
Boban Marjanović,C,35,HOU,3,0,6.7,1.7,3.0,0.556,0.0,0.3,0.0,1.7,2.7,0.625,0.556,0.0,0.3,0.0,0.7,2.0,2.7,1.0,0.0,0.3,0.0,0.7,3.3
Lauri Markkanen,PF,26,UTA,15,15,34.1,8.1,16.8,0.484,3.3,8.5,0.383,4.9,8.3,0.589,0.581,4.2,5.0,0.84,2.4,6.3,8.7,1.1,1.1,0.9,1.3,2.3,23.7
Naji Marshall,SF,26,NOP,9,0,22.1,3.3,7.0,0.476,1.3,3.0,0.444,2.0,4.0,0.5,0.571,2.0,2.4,0.818,1.1,3.9,5.0,2.4,0.9,0.3,1.3,1.4,10.0
Caleb Martin,SF,28,MIA,8,0,21.1,3.4,9.0,0.375,1.0,3.5,0.286,2.4,5.5,0.432,0.431,0.6,0.6,1.0,0.9,2.1,3.0,1.4,1.0,0.0,0.6,1.5,8.4
KJ Martin,SF,23,TOT,9,0,6.1,0.6,1.4,0.385,0.1,0.6,0.2,0.4,0.9,0.5,0.423,0.3,0.7,0.5,0.3,0.6,0.9,0.2,0.3,0.1,0.3,1.0,1.6
KJ Martin,SF,23,LAC,2,0,15.5,2.0,5.0,0.4,0.5,2.5,0.2,1.5,2.5,0.6,0.45,0.5,1.0,0.5,0.5,1.0,1.5,0.5,1.0,0.5,1.0,1.5,5.0
KJ Martin,SF,23,PHI,7,0,3.4,0.1,0.4,0.333,0.0,0.0,0.0,0.1,0.4,0.333,0.333,0.3,0.6,0.5,0.3,0.4,0.7,0.1,0.1,0.0,0.1,0.9,0.6
Garrison Mathews,SG,27,ATL,5,0,5.6,0.6,1.4,0.429,0.6,1.4,0.429,0.0,0.0,0.0,0.643,0.0,0.0,0.0,0.2,0.8,1.0,0.2,0.0,0.0,0.0,0.4,1.8
Bennedict Mathurin,SF,21,IND,16,12,24.6,4.8,10.9,0.434,1.1,3.4,0.327,3.6,7.5,0.483,0.486,2.3,2.9,0.766,1.2,2.5,3.7,1.9,0.7,0.2,1.2,1.9,12.9
Wesley Matthews,SG,37,ATL,7,0,9.7,0.7,2.0,0.357,0.6,1.9,0.308,0.1,0.1,1.0,0.5,0.4,0.9,0.5,0.3,1.0,1.3,0.7,0.1,0.0,0.3,1.6,2.4
Tyrese Maxey,PG,23,PHI,17,17,38.4,9.2,19.9,0.46,3.3,8.2,0.403,5.9,11.8,0.5,0.543,5.0,5.6,0.895,0.7,4.1,4.8,6.9,0.8,0.7,1.4,1.9,26.6
Skylar Mays,PG,26,POR,14,5,19.5,3.1,7.6,0.406,0.9,2.9,0.293,2.2,4.6,0.477,0.462,0.8,0.9,0.846,0.3,1.4,1.7,4.5,0.8,0.1,1.1,1.4,7.8
Miles McBride,PG,23,NYK,12,0,4.5,0.7,1.4,0.471,0.3,1.1,0.308,0.3,0.3,1.0,0.588,0.1,0.2,0.5,0.1,0.2,0.3,0.3,0.3,0.0,0.0,0.6,1.8
CJ McCollum,PG,32,NOP,6,6,34.3,7.3,16.7,0.44,3.2,8.3,0.38,4.2,8.3,0.5,0.535,3.8,5.2,0.742,0.8,4.0,4.8,5.7,1.5,0.8,1.3,2.3,21.7
T.J. McConnell,PG,31,IND,11,0,14.0,2.8,5.4,0.525,0.1,0.5,0.167,2.7,4.8,0.566,0.534,0.9,1.3,0.714,0.6,1.9,2.5,3.7,0.7,0.2,0.9,1.5,6.6
Jaden McDaniels,SF,23,MIN,11,11,23.6,4.2,7.2,0.582,1.0,2.6,0.379,3.2,4.5,0.7,0.652,0.2,0.2,1.0,0.6,1.5,2.2,1.3,0.5,0.4,1.0,3.3,9.5
Jalen McDaniels,SF,26,TOR,13,0,9.4,0.9,3.2,0.293,0.3,1.5,0.211,0.6,1.7,0.364,0.341,0.2,0.2,1.0,0.2,1.0,1.2,0.6,0.4,0.2,0.3,0.8,2.3
Doug McDermott,SF,32,SAS,17,0,16.6,2.2,4.6,0.481,1.6,3.5,0.475,0.6,1.2,0.5,0.658,0.2,0.4,0.667,0.2,0.9,1.1,1.8,0.4,0.1,0.7,1.3,6.4
JaVale McGee,C,36,SAC,14,0,10.0,2.5,3.8,0.66,0.0,0.1,0.0,2.5,3.7,0.673,0.66,0.8,1.4,0.579,1.4,2.4,3.7,0.5,0.3,0.6,1.1,1.1,5.8
Bryce McGowens,SG,21,CHO,11,0,15.2,1.3,3.2,0.4,0.8,2.2,0.375,0.5,1.0,0.455,0.529,0.7,0.9,0.8,0.4,1.6,2.0,0.7,0.5,0.1,0.6,1.5,4.1
Jordan McLaughlin,PG,27,MIN,5,0,3.8,0.2,0.8,0.25,0.2,0.4,0.5,0.0,0.4,0.0,0.375,0.4,0.4,1.0,0.0,0.0,0.0,1.0,0.0,0.4,0.0,0.4,1.0
De'Anthony Melton,SG,25,PHI,17,17,29.8,3.9,9.8,0.404,2.2,5.5,0.409,1.7,4.3,0.397,0.518,2.0,2.5,0.791,0.9,3.2,4.1,3.6,1.2,0.4,1.1,2.5,12.1
Sam Merrill,SG,27,CLE,9,0,8.1,0.9,2.7,0.333,0.9,2.3,0.381,0.0,0.3,0.0,0.5,0.0,0.0,0.0,0.2,0.4,0.7,0.6,0.2,0.0,0.2,0.6,2.7
Chimezie Metu,C,26,PHO,9,0,6.6,1.0,1.9,0.529,0.2,0.8,0.286,0.8,1.1,0.7,0.588,0.3,0.4,0.75,0.2,1.1,1.3,0.3,0.1,0.3,0.2,1.1,2.6
Vasilije Micić,PG,30,OKC,8,0,12.3,1.1,3.0,0.375,0.6,1.8,0.357,0.5,1.3,0.4,0.479,0.5,0.8,0.667,0.0,0.5,0.5,2.8,0.1,0.0,1.3,0.8,3.4
Khris Middleton,SF,32,MIL,14,14,20.1,4.6,9.8,0.467,1.2,3.8,0.321,3.4,6.0,0.56,0.529,1.6,1.9,0.852,0.8,3.4,4.2,4.0,0.6,0.1,1.6,1.9,12.0
Brandon Miller,SF,21,CHO,15,9,30.7,5.5,11.9,0.464,1.7,4.5,0.373,3.9,7.5,0.518,0.534,1.7,2.1,0.781,1.3,2.7,4.0,1.9,0.7,0.4,1.2,3.0,14.4
Jordan Miller,SF,24,LAC,2,0,3.5,1.0,1.5,0.667,0.5,0.5,1.0,0.5,1.0,0.5,0.833,0.0,0.0,0.0,0.0,0.0,0.0,0.0,0.0,0.0,0.0,1.0,2.5
Leonard Miller,SF,20,MIN,3,0,2.0,0.3,0.7,0.5,0.0,0.0,0.0,0.3,0.7,0.5,0.5,0.0,0.0,0.0,0.0,2.0,2.0,0.3,0.0,0.0,0.0,0.3,0.7
Dariq Whitehead,SF,19,BRK,1,0,3.0,0.0,0.0,0.0,0.0,0.0,0.0,0.0,0.0,0.0,0.0,1.0,2.0,0.5,0.0,0.0,0.0,0.0,0.0,1.0,0.0,0.0,1.0
Patty Mills,PG,35,ATL,1,0,5.0,1.0,2.0,0.5,1.0,1.0,1.0,0.0,1.0,0.0,0.75,0.0,0.0,0.0,0.0,1.0,1.0,0.0,0.0,0.0,0.0,0.0,3.0
Shake Milton,SG,27,MIN,17,0,15.7,1.8,4.8,0.378,0.5,1.9,0.242,1.4,2.9,0.469,0.427,1.5,1.8,0.806,0.2,1.8,2.0,1.4,0.6,0.2,1.2,1.6,5.6
Justin Minaya,SF,24,POR,5,0,6.0,0.4,1.2,0.333,0.4,0.8,0.5,0.0,0.4,0.0,0.5,0.2,0.4,0.5,0.8,0.2,1.0,0.0,0.0,0.2,0.2,0.2,1.4
Josh Minott,SF,21,MIN,9,0,2.6,0.7,1.3,0.5,0.0,0.6,0.0,0.7,0.8,0.857,0.5,0.2,0.4,0.5,0.1,0.2,0.3,0.1,0.0,0.1,0.0,0.4,1.6
Davion Mitchell,PG,25,SAC,13,3,17.2,1.7,4.8,0.355,0.8,2.8,0.306,0.8,2.0,0.423,0.444,0.5,0.5,1.0,0.1,1.0,1.1,2.6,0.4,0.2,0.9,1.8,4.8
Donovan Mitchell,SG,27,CLE,13,13,35.8,9.8,21.2,0.46,3.1,8.5,0.36,6.7,12.7,0.527,0.533,5.4,6.0,0.897,0.9,4.5,5.4,5.2,1.9,0.5,2.5,2.0,28.0
Evan Mobley,PF,22,CLE,18,18,33.3,6.8,12.1,0.567,0.1,0.5,0.222,6.7,11.6,0.582,0.571,2.6,3.3,0.767,2.9,8.0,10.9,3.1,0.8,1.9,2.2,2.8,16.3
Isaiah Mobley,PF,24,CLE,2,0,5.0,0.5,1.5,0.333,0.0,0.5,0.0,0.5,1.0,0.5,0.333,0.0,0.0,0.0,0.0,1.0,1.0,1.5,0.5,0.0,0.5,1.0,1.0
Malik Monk,SG,25,SAC,16,0,24.1,4.4,10.8,0.405,2.4,6.1,0.402,1.9,4.8,0.408,0.517,2.5,2.9,0.87,0.6,2.2,2.8,4.8,0.7,0.6,2.2,1.8,13.7
Moses Moody,SG,21,GSW,18,2,17.6,2.9,5.8,0.495,1.2,3.1,0.382,1.7,2.8,0.62,0.595,0.8,1.2,0.667,1.1,2.3,3.3,1.1,0.8,0.3,0.6,1.2,7.7
Wendell Moore Jr.,SG,22,MIN,1,0,2.0,0.0,1.0,0.0,0.0,1.0,0.0,0.0,0.0,0.0,0.0,0.0,0.0,0.0,0.0,0.0,0.0,0.0,0.0,0.0,0.0,0.0,0.0
Marcus Morris,PF,34,PHI,10,1,10.0,1.5,3.2,0.469,0.8,1.7,0.471,0.7,1.5,0.467,0.594,0.2,0.2,1.0,0.3,1.2,1.5,0.3,0.2,0.3,0.4,1.4,4.0
Markieff Morris,PF,34,DAL,2,0,4.5,0.5,3.0,0.167,0.0,2.0,0.0,0.5,1.0,0.5,0.167,0.0,0.0,0.0,0.0,0.5,0.5,0.5,0.0,0.0,0.0,0.0,1.0
Dejounte Murray,SG,27,ATL,17,17,34.1,7.3,16.4,0.444,2.2,6.0,0.373,5.1,10.4,0.486,0.513,2.8,3.2,0.855,0.8,3.5,4.3,5.4,1.6,0.3,2.5,1.5,19.6
Jamal Murray,PG,26,DEN,7,7,30.9,6.0,13.9,0.433,2.0,4.6,0.438,4.0,9.3,0.431,0.505,2.3,2.7,0.842,0.4,2.1,2.6,7.4,0.3,0.7,2.3,1.9,16.3
Keegan Murray,SF,23,SAC,13,13,33.1,4.9,12.6,0.39,2.1,7.2,0.287,2.8,5.4,0.529,0.473,1.3,1.5,0.85,1.8,4.3,6.2,2.0,1.4,0.6,1.2,2.4,13.2
Kris Murray,SF,23,POR,10,0,8.8,0.6,2.0,0.3,0.3,1.2,0.25,0.3,0.8,0.375,0.375,0.3,0.5,0.6,0.4,0.4,0.8,0.3,0.5,0.1,0.1,0.8,1.8
Mike Muscala,C,32,WAS,7,1,11.7,1.1,2.7,0.421,0.4,1.4,0.3,0.7,1.3,0.556,0.5,0.6,0.6,1.0,0.3,2.4,2.7,1.1,0.1,0.4,1.0,1.0,3.3
Svi Mykhailiuk,SF,26,BOS,8,0,7.4,0.8,2.1,0.353,0.5,1.8,0.286,0.3,0.4,0.667,0.471,0.0,0.0,0.0,0.1,0.5,0.6,0.1,0.4,0.0,0.5,0.5,2.0
Larry Nance Jr.,C,31,NOP,14,0,15.1,1.5,3.0,0.5,0.2,0.8,0.273,1.3,2.2,0.581,0.536,0.3,0.6,0.5,1.3,2.9,4.1,0.7,0.6,0.3,0.9,1.4,3.5
Andrew Nembhard,PG,24,IND,13,1,18.7,3.5,7.2,0.489,0.7,2.5,0.281,2.8,4.8,0.597,0.537,0.2,0.4,0.6,0.7,1.3,2.0,3.9,0.8,0.0,1.5,1.9,8.0
Aaron Nesmith,SF,24,IND,14,1,23.4,3.8,7.4,0.515,1.8,4.0,0.446,2.0,3.4,0.596,0.636,1.1,1.8,0.64,0.9,2.3,3.1,1.0,0.9,0.6,0.6,3.1,10.5
Georges Niang,PF,30,CLE,18,1,22.5,3.0,7.6,0.397,1.6,4.6,0.354,1.4,3.0,0.463,0.504,0.6,0.6,1.0,0.3,3.9,4.2,1.1,0.3,0.1,0.6,2.5,8.2
Daishen Nix,PG,21,MIN,4,0,2.5,0.5,0.8,0.667,0.3,0.3,1.0,0.3,0.5,0.5,0.833,0.0,0.0,0.0,0.0,0.0,0.0,0.0,0.3,0.0,0.0,0.0,1.3
Zeke Nnaji,PF,23,DEN,18,0,10.1,1.3,2.6,0.489,0.2,0.4,0.429,1.1,2.2,0.5,0.521,0.8,1.3,0.583,1.2,1.1,2.3,0.4,0.2,0.5,0.6,1.3,3.5
Jaylen Nowell,SG,24,MEM,2,0,7.5,1.0,2.0,0.5,0.0,0.5,0.0,1.0,1.5,0.667,0.5,0.0,0.0,0.0,0.5,2.0,2.5,1.5,0.0,0.0,0.0,0.5,2.0
Markquis Nowell,SG,24,TOR,1,0,4.0,0.0,1.0,0.0,0.0,0.0,0.0,0.0,1.0,0.0,0.0,2.0,2.0,1.0,2.0,0.0,2.0,2.0,1.0,0.0,0.0,0.0,2.0
Jusuf Nurkić,C,29,PHO,17,17,27.5,3.6,8.1,0.449,0.6,2.4,0.25,3.1,5.8,0.531,0.486,2.6,3.5,0.746,3.0,6.1,9.1,3.9,1.1,1.3,1.9,3.4,10.5
Jordan Nwora,SF,25,IND,5,0,14.6,2.8,6.8,0.412,0.8,3.0,0.267,2.0,3.8,0.526,0.471,0.6,0.8,0.75,1.2,1.8,3.0,1.2,0.8,0.2,1.4,1.6,7.0
Royce O'Neale,SF,30,BRK,17,5,29.9,2.9,7.5,0.383,2.6,6.4,0.407,0.3,1.2,0.25,0.555,0.1,0.4,0.333,0.7,4.7,5.4,3.2,0.8,0.9,1.1,3.1,8.5
Chuma Okeke,SF,25,ORL,7,0,3.9,0.6,1.3,0.444,0.4,1.0,0.429,0.1,0.3,0.5,0.611,0.0,0.0,0.0,0.4,0.6,1.0,0.1,0.0,0.0,0.1,0.0,1.6
Josh Okogie,SG,25,PHO,17,7,21.6,2.0,4.9,0.41,0.6,2.2,0.27,1.4,2.7,0.522,0.47,2.1,2.6,0.818,1.5,1.7,3.2,1.1,0.9,0.4,0.9,1.2,6.7
Onyeka Okongwu,C,23,ATL,17,0,22.8,3.3,5.7,0.577,0.2,0.9,0.25,3.1,4.8,0.642,0.598,2.1,2.4,0.9,2.6,4.1,6.7,1.4,0.6,0.9,0.8,2.6,8.9
Isaac Okoro,SF,23,CLE,9,5,24.2,3.0,6.1,0.491,0.7,1.9,0.353,2.3,4.2,0.553,0.545,1.1,1.7,0.667,1.6,2.2,3.8,1.7,0.8,0.7,1.0,2.7,7.8
Kelly Olynyk,C,32,UTA,17,1,21.6,2.6,4.6,0.57,0.8,1.8,0.419,1.9,2.8,0.667,0.652,1.7,1.9,0.879,2.1,3.8,5.8,3.9,0.8,0.2,2.0,2.9,7.8
Eugene Omoruyi,SF,26,WAS,10,0,6.5,2.0,3.1,0.645,0.4,0.9,0.444,1.6,2.2,0.727,0.71,0.9,1.2,0.75,0.8,1.2,2.0,0.7,0.4,0.1,0.6,0.7,5.3
Cedi Osman,SF,28,SAS,17,0,19.2,3.1,6.5,0.482,1.5,3.7,0.413,1.6,2.8,0.574,0.6,0.6,0.7,0.833,0.5,1.5,2.1,1.2,0.5,0.2,0.6,1.6,8.4
Kelly Oubre Jr.,SF,28,PHI,8,5,29.0,5.9,11.8,0.5,1.8,4.6,0.378,4.1,7.1,0.579,0.574,2.8,3.5,0.786,1.4,3.8,5.1,0.6,1.4,0.4,0.9,2.4,16.3
Chris Paul,PG,38,GSW,18,7,26.8,3.2,7.9,0.399,1.2,3.6,0.328,2.0,4.4,0.456,0.472,1.4,1.6,0.929,0.3,3.3,3.6,7.3,1.5,0.1,1.1,1.6,8.9
Cameron Payne,PG,29,MIL,18,2,17.4,2.2,4.6,0.476,1.2,2.6,0.468,0.9,1.9,0.486,0.61,0.3,0.3,1.0,0.1,1.3,1.3,2.4,0.4,0.1,0.8,2.1,5.9
Gary Payton II,SG,31,GSW,14,0,17.3,2.4,5.1,0.479,0.6,2.0,0.321,1.8,3.1,0.581,0.542,0.4,0.6,0.667,1.1,2.1,3.1,0.9,1.2,0.3,0.6,1.9,5.9
Filip Petrušev,C,23,TOT,3,0,3.3,0.3,0.7,0.5,0.0,0.0,0.0,0.3,0.7,0.5,0.5,0.3,0.7,0.5,0.0,0.3,0.3,0.0,0.0,0.0,0.0,0.3,1.0
Filip Petrušev,C,23,PHI,1,0,3.0,0.0,0.0,0.0,0.0,0.0,0.0,0.0,0.0,0.0,0.0,0.0,0.0,0.0,0.0,1.0,1.0,0.0,0.0,0.0,0.0,0.0,0.0
Filip Petrušev,C,23,SAC,2,0,3.5,0.5,1.0,0.5,0.0,0.0,0.0,0.5,1.0,0.5,0.5,0.5,1.0,0.5,0.0,0.0,0.0,0.0,0.0,0.0,0.0,0.5,1.5
Julian Phillips,SF,20,CHI,8,0,3.9,0.3,1.1,0.222,0.0,0.5,0.0,0.3,0.6,0.4,0.222,0.1,0.5,0.25,0.0,0.5,0.5,0.1,0.0,0.0,0.1,0.4,0.6
Jalen Pickett,SG,24,DEN,10,0,7.1,0.9,1.9,0.474,0.5,1.3,0.385,0.4,0.6,0.667,0.605,0.2,0.2,1.0,0.1,0.9,1.0,0.7,0.3,0.0,0.6,0.7,2.5
Mason Plumlee,C,33,LAC,6,0,17.0,2.0,3.2,0.632,0.0,0.0,0.0,2.0,3.2,0.632,0.632,1.0,2.3,0.429,1.3,4.2,5.5,1.0,0.7,0.2,0.8,1.0,5.0
Brandin Podziemski,SG,20,GSW,12,0,16.3,2.3,5.3,0.438,0.9,2.3,0.407,1.4,3.1,0.459,0.523,0.8,1.1,0.769,0.9,2.9,3.8,2.2,0.5,0.0,1.1,1.6,6.4
Jakob Poeltl,C,28,TOR,18,18,26.4,5.1,7.0,0.722,0.0,0.0,0.0,5.1,7.0,0.722,0.722,0.9,1.8,0.485,2.8,5.8,8.6,2.4,0.9,1.0,1.7,2.6,11.0
Aleksej Pokusevski,PF,22,OKC,5,0,6.2,0.4,1.6,0.25,0.2,1.2,0.167,0.2,0.4,0.5,0.313,0.2,0.4,0.5,0.4,1.0,1.4,1.0,0.0,0.2,0.6,0.8,1.2
Jordan Poole,SG,24,WAS,16,16,29.5,6.3,15.8,0.397,1.9,6.7,0.28,4.4,9.1,0.483,0.456,2.9,3.4,0.852,0.6,2.0,2.6,3.6,1.1,0.4,2.9,3.1,17.3
Craig Porter Jr.,PG,23,CLE,12,1,14.5,3.1,5.5,0.561,0.3,0.6,0.429,2.8,4.9,0.576,0.583,1.3,1.8,0.727,0.3,1.7,1.9,2.5,0.6,0.4,1.2,1.2,7.8
Michael Porter Jr.,SF,25,DEN,18,18,31.0,6.4,13.9,0.462,2.9,7.7,0.381,3.5,6.2,0.563,0.568,1.1,1.4,0.76,1.8,6.1,7.8,1.4,0.4,0.8,1.2,2.4,16.9
Otto Porter Jr.,SF,30,TOR,9,1,12.2,1.1,2.6,0.435,0.8,1.8,0.438,0.3,0.8,0.429,0.587,0.1,0.1,1.0,0.7,1.8,2.4,0.1,0.3,0.3,0.1,1.1,3.1
Bobby Portis,PF,28,MIL,18,0,23.6,4.7,9.7,0.48,0.8,2.5,0.311,3.9,7.2,0.538,0.52,1.4,1.8,0.758,1.3,5.1,6.3,1.2,0.8,0.6,1.0,2.2,11.5
Kristaps Porziņģis,C,28,BOS,15,15,30.3,6.5,11.9,0.547,1.6,4.9,0.324,4.9,7.0,0.705,0.615,4.3,5.3,0.8,1.5,5.2,6.7,1.9,0.7,1.7,1.3,3.4,18.9
Dwight Powell,C,32,DAL,16,1,14.9,1.3,1.8,0.724,0.1,0.1,1.0,1.3,1.8,0.714,0.741,1.8,2.3,0.778,1.3,1.9,3.2,1.4,0.3,0.5,0.4,1.8,4.4
Norman Powell,SG,30,LAC,16,0,24.4,4.3,8.6,0.5,2.0,4.3,0.464,2.3,4.3,0.536,0.616,2.3,2.9,0.804,0.2,1.9,2.1,1.2,0.8,0.6,1.0,2.3,12.9
Taurean Prince,PF,29,LAL,16,16,30.3,3.3,8.2,0.405,1.3,4.4,0.296,2.0,3.8,0.533,0.485,0.8,1.0,0.75,0.4,2.0,2.4,1.5,0.6,0.5,0.6,2.4,8.7
Payton Pritchard,PG,26,BOS,18,0,20.6,2.3,6.0,0.389,1.2,3.7,0.333,1.1,2.3,0.476,0.491,0.4,0.6,0.727,1.1,2.2,3.2,2.8,0.3,0.0,0.6,1.1,6.3
Olivier-Maxence Prosper,PF,21,DAL,7,0,5.9,0.6,1.9,0.308,0.1,1.1,0.125,0.4,0.7,0.6,0.346,0.6,1.1,0.5,0.3,1.0,1.3,0.1,0.1,0.0,0.0,0.4,1.9
Neemias Queta,C,24,BOS,2,0,10.0,1.5,4.5,0.333,0.0,0.0,0.0,1.5,4.5,0.333,0.333,0.5,0.5,1.0,3.0,3.0,6.0,0.0,0.5,0.0,0.0,0.5,3.5
Immanuel Quickley,SG,24,NYK,17,0,25.1,5.6,12.5,0.446,2.2,5.8,0.378,3.4,6.8,0.504,0.533,2.9,3.3,0.893,0.2,3.1,3.4,3.0,0.5,0.1,1.2,1.8,16.3
Lester Quinones,SG,23,GSW,2,0,4.5,1.0,3.0,0.333,0.5,2.0,0.25,0.5,1.0,0.5,0.417,0.0,0.0,0.0,0.0,0.0,0.0,0.0,0.0,0.0,0.5,0.5,2.5
Julius Randle,PF,29,NYK,17,17,34.8,6.8,17.3,0.395,1.6,6.0,0.275,5.2,11.3,0.458,0.442,4.6,6.6,0.705,2.1,8.1,10.2,5.2,0.8,0.1,3.2,2.5,19.9
Duop Reath,C,27,POR,9,1,13.4,2.2,5.8,0.385,1.2,3.8,0.324,1.0,2.0,0.5,0.49,0.6,0.7,0.833,0.6,1.3,1.9,1.0,0.4,0.2,0.8,1.7,6.2
Austin Reaves,SG,25,LAL,18,8,30.3,4.8,10.4,0.46,1.3,3.9,0.338,3.4,6.4,0.534,0.524,3.0,3.6,0.844,0.9,4.0,4.9,5.1,1.1,0.1,2.5,1.4,13.9
Cam Reddish,SF,24,LAL,15,9,23.9,2.5,6.0,0.422,1.0,2.9,0.341,1.5,3.1,0.5,0.506,1.3,1.7,0.8,0.5,2.1,2.5,1.1,1.7,0.3,0.6,1.5,7.4
Paul Reed,C,24,PHI,17,0,13.6,2.2,4.0,0.559,0.2,0.4,0.429,2.1,3.6,0.574,0.581,0.1,0.2,0.5,1.9,2.5,4.4,0.8,0.5,0.6,0.7,1.9,4.8
Naz Reid,C,24,MIN,17,0,21.2,4.5,8.8,0.513,1.7,4.1,0.414,2.8,4.7,0.6,0.61,1.6,1.8,0.9,0.9,3.1,4.0,0.6,0.7,0.6,1.1,1.5,12.4
Jared Rhoden,SG,24,DET,5,0,6.0,1.0,1.8,0.556,0.2,0.8,0.25,0.8,1.0,0.8,0.611,0.4,0.4,1.0,0.2,0.6,0.8,0.6,0.0,0.0,0.4,0.8,2.6
Nick Richards,C,26,CHO,11,0,17.5,3.0,3.8,0.786,0.0,0.0,0.0,3.0,3.8,0.786,0.786,2.5,3.1,0.794,1.5,4.4,5.9,0.4,0.4,1.2,1.2,2.9,8.5
Josh Richardson,SG,30,MIA,15,4,27.7,3.5,8.3,0.424,1.3,4.3,0.292,2.3,4.0,0.567,0.5,1.3,1.4,0.905,0.5,2.1,2.6,3.1,0.7,0.3,1.1,1.7,9.6
Duncan Robinson,SF,29,MIA,16,8,29.5,5.1,10.8,0.477,3.1,7.1,0.43,2.1,3.6,0.569,0.619,1.1,1.4,0.818,0.3,2.4,2.7,2.8,0.3,0.2,0.9,2.3,14.4
Jerome Robinson,SG,26,GSW,1,0,5.0,0.0,2.0,0.0,0.0,0.0,0.0,0.0,2.0,0.0,0.0,0.0,0.0,0.0,1.0,1.0,2.0,0.0,0.0,0.0,0.0,0.0,0.0
Mitchell Robinson,C,25,NYK,17,17,29.7,2.8,4.9,0.566,0.0,0.0,0.0,2.8,4.9,0.566,0.566,0.7,2.0,0.353,5.8,5.4,11.2,0.5,1.4,1.4,0.9,1.8,6.2
Orlando Robinson,C,23,MIA,4,0,15.0,2.5,4.5,0.556,0.5,0.5,1.0,2.0,4.0,0.5,0.611,0.8,1.0,0.75,1.5,2.8,4.3,2.3,0.5,0.8,1.3,2.3,6.3
Jeremiah Robinson-Earl,PF,23,NOP,7,1,14.0,1.9,3.6,0.52,0.9,1.6,0.545,1.0,2.0,0.5,0.64,0.9,0.9,1.0,1.1,2.0,3.1,0.7,0.3,0.0,0.9,1.3,5.4
David Roddy,PF,22,MEM,16,1,23.3,3.3,7.6,0.43,0.8,2.9,0.255,2.5,4.6,0.541,0.479,0.6,0.9,0.667,1.0,2.8,3.8,1.0,0.6,0.4,0.9,1.6,7.9
Ryan Rollins,PG,21,WAS,8,0,6.1,1.1,2.3,0.5,0.1,0.3,0.5,1.0,2.0,0.5,0.528,1.6,2.0,0.813,0.3,1.0,1.3,1.3,1.0,0.3,0.9,0.8,4.0
Derrick Rose,PG,35,MEM,8,0,17.8,3.6,8.1,0.446,1.0,2.0,0.5,2.6,6.1,0.429,0.508,1.4,1.6,0.846,0.8,1.0,1.8,2.4,0.5,0.1,1.3,0.8,9.6
Terry Rozier,SG,29,CHO,7,7,35.6,8.0,17.3,0.463,1.4,5.4,0.263,6.6,11.9,0.554,0.504,3.0,3.9,0.778,0.6,2.7,3.3,5.6,0.7,0.4,2.7,1.1,20.4
Rayan Rupert,SG,19,POR,7,0,4.4,0.1,1.7,0.083,0.1,0.9,0.167,0.0,0.9,0.0,0.125,0.3,0.6,0.5,0.1,0.0,0.1,0.3,0.3,0.0,0.3,0.1,0.7
D'Angelo Russell,PG,27,LAL,18,18,30.9,6.2,13.2,0.473,2.2,5.4,0.398,4.1,7.7,0.525,0.555,2.1,2.7,0.771,0.4,3.1,3.4,6.2,0.6,0.6,1.8,2.1,16.7
Matt Ryan,SF,26,NOP,13,1,22.9,2.9,6.4,0.458,2.5,5.2,0.471,0.5,1.2,0.4,0.651,1.0,1.1,0.929,0.4,1.9,2.3,1.1,0.4,0.1,1.2,1.8,9.3
Domantas Sabonis,C,27,SAC,16,16,35.3,7.4,12.1,0.608,0.4,1.1,0.389,6.9,11.0,0.631,0.626,4.0,6.2,0.646,3.6,8.5,12.1,7.2,0.9,0.9,3.3,3.6,19.2
Luka Šamanić,PF,24,UTA,6,0,4.3,0.8,2.2,0.385,0.3,1.2,0.286,0.5,1.0,0.5,0.462,0.2,0.2,1.0,0.0,1.2,1.2,0.3,0.2,0.0,0.2,0.3,2.2
Jermaine Samuels,SF,25,HOU,3,0,6.7,0.7,1.0,0.667,0.0,0.3,0.0,0.7,0.7,1.0,0.667,0.7,0.7,1.0,0.3,0.7,1.0,0.0,0.0,0.3,0.0,1.0,2.0
Gui Santos,PF,21,GSW,2,0,6.0,1.0,2.0,0.5,0.0,0.5,0.0,1.0,1.5,0.667,0.5,0.0,0.0,0.0,1.0,1.0,2.0,0.5,0.0,0.0,1.0,1.0,2.0
Dario Šarić,C,29,GSW,18,3,21.4,3.7,8.3,0.45,1.7,4.4,0.38,2.1,3.9,0.529,0.55,1.6,1.9,0.853,1.7,4.4,6.1,2.3,0.7,0.3,1.0,2.4,10.7
Olivier Sarr,C,24,OKC,5,0,10.8,0.6,1.2,0.5,0.4,0.6,0.667,0.2,0.6,0.333,0.667,0.8,1.2,0.667,0.8,3.2,4.0,0.2,0.0,1.0,0.4,2.0,2.4
Marcus Sasser,PG,23,DET,17,0,18.1,3.2,6.9,0.462,1.2,3.4,0.368,1.9,3.5,0.55,0.551,0.4,0.4,1.0,0.2,1.8,2.0,2.6,0.6,0.1,0.8,1.4,8.0
Admiral Schofield,PF,26,ORL,3,0,3.3,0.7,1.7,0.4,0.3,1.3,0.25,0.3,0.3,1.0,0.5,0.0,0.7,0.0,0.0,0.0,0.0,0.0,0.0,0.0,0.3,0.3,1.7
Dennis Schröder,PG,30,TOR,18,18,31.2,5.9,13.3,0.448,1.9,5.2,0.362,4.1,8.1,0.503,0.519,2.8,3.3,0.864,0.5,2.4,2.9,6.6,0.9,0.1,1.8,2.0,16.6
Dereon Seabron,SG,23,NOP,5,0,10.4,0.8,2.6,0.308,0.2,0.4,0.5,0.6,2.2,0.273,0.346,1.0,1.2,0.833,0.2,1.2,1.4,0.8,0.4,0.2,0.0,0.8,2.8
Alperen Şengün,C,21,HOU,15,15,32.9,8.6,15.3,0.563,0.7,2.2,0.303,7.9,13.1,0.607,0.585,3.1,4.6,0.667,2.7,6.4,9.1,5.7,0.9,0.7,2.8,3.2,20.9
Brice Sensabaugh,SF,20,UTA,1,0,2.0,0.0,2.0,0.0,0.0,0.0,0.0,0.0,2.0,0.0,0.0,0.0,0.0,0.0,1.0,1.0,2.0,0.0,0.0,0.0,0.0,0.0,0.0
Collin Sexton,SG,25,UTA,17,0,19.9,4.1,9.2,0.439,1.2,3.5,0.35,2.8,5.7,0.495,0.506,2.6,3.0,0.863,0.9,1.6,2.6,3.1,0.4,0.2,1.9,1.6,11.9
Landry Shamet,SG,26,WAS,13,0,16.7,3.2,6.7,0.471,1.5,4.2,0.37,1.6,2.5,0.636,0.586,0.4,0.6,0.625,0.2,1.4,1.5,1.5,0.6,0.2,0.5,1.8,8.2
Day'Ron Sharpe,C,22,BRK,17,0,15.1,2.5,4.6,0.544,0.0,0.2,0.0,2.5,4.4,0.573,0.544,1.4,2.1,0.686,2.4,4.2,6.5,0.8,0.4,0.7,1.1,2.1,6.5
Shaedon Sharpe,SG,20,POR,17,16,36.5,5.7,14.6,0.391,1.8,5.5,0.319,3.9,9.1,0.435,0.452,3.4,4.1,0.829,1.6,3.8,5.4,3.2,1.1,0.5,3.1,2.9,16.6
Ben Sheppard,SG,22,IND,7,0,7.9,1.3,3.1,0.409,0.7,2.1,0.333,0.6,1.0,0.571,0.523,0.3,0.3,1.0,0.1,0.6,0.7,0.7,0.1,0.0,0.1,0.6,3.6
Pascal Siakam,PF,29,TOR,18,18,34.2,7.7,15.9,0.483,0.8,4.0,0.208,6.8,11.9,0.575,0.509,3.7,5.1,0.725,1.5,5.5,7.0,5.2,0.8,0.2,2.6,2.2,19.8
Ben Simmons,PG,27,BRK,6,6,31.8,3.2,6.0,0.528,0.0,0.0,0.0,3.2,6.0,0.528,0.528,0.2,0.7,0.25,2.7,8.2,10.8,6.7,0.5,0.8,2.5,2.7,6.5
Anfernee Simons,SG,24,POR,1,1,27.0,6.0,14.0,0.429,2.0,6.0,0.333,4.0,8.0,0.5,0.5,4.0,4.0,1.0,1.0,1.0,2.0,4.0,2.0,0.0,0.0,2.0,18.0
Jericho Sims,C,25,NYK,8,0,2.8,0.3,0.4,0.667,0.0,0.0,0.0,0.3,0.4,0.667,0.667,0.1,0.4,0.333,0.1,1.1,1.3,0.1,0.0,0.0,0.0,0.1,0.6
Jalen Slawson,SF,24,SAC,3,0,5.3,0.7,1.0,0.667,0.0,0.3,0.0,0.7,0.7,1.0,0.667,0.0,0.0,0.0,0.0,1.3,1.3,0.7,0.0,0.3,0.3,0.3,1.3
Marcus Smart,PG,29,MEM,11,11,29.9,4.6,10.8,0.429,1.6,5.5,0.295,3.0,5.3,0.569,0.504,1.5,1.9,0.81,0.3,2.2,2.5,5.0,2.0,0.4,3.4,3.2,12.5
Dennis Smith Jr.,PG,26,BRK,11,0,17.0,2.3,5.7,0.397,0.6,1.7,0.368,1.6,4.0,0.409,0.452,0.6,0.7,0.875,0.7,1.5,2.3,3.2,0.6,0.2,1.0,2.3,5.8
Dru Smith,SG,26,MIA,9,0,14.6,1.7,3.7,0.455,0.8,1.9,0.412,0.9,1.8,0.5,0.561,0.2,0.2,1.0,0.7,0.9,1.6,1.6,1.0,0.3,0.6,1.3,4.3
Ish Smith,PG,35,CHO,10,0,16.2,1.7,3.1,0.548,0.1,0.2,0.5,1.6,2.9,0.552,0.565,0.0,0.0,0.0,0.2,1.6,1.8,2.3,0.5,0.1,1.3,1.0,3.5
Jabari Smith Jr.,PF,20,HOU,15,15,30.1,5.3,10.5,0.51,1.8,4.7,0.38,3.5,5.7,0.616,0.596,0.9,1.3,0.737,1.5,6.3,7.8,1.3,0.6,0.7,1.3,3.3,13.4
Jalen Smith,C,23,IND,14,0,15.4,3.8,5.4,0.707,1.0,1.5,0.667,2.8,3.9,0.722,0.8,1.4,1.9,0.741,1.4,4.1,5.5,0.9,0.4,0.3,1.1,2.1,10.0
Nick Smith Jr.,SG,19,CHO,7,0,6.1,1.3,3.0,0.429,0.7,1.3,0.556,0.6,1.7,0.333,0.548,0.0,0.0,0.0,0.1,0.4,0.6,0.3,0.1,0.1,0.3,0.4,3.3
Jeremy Sochan,PG,20,SAS,17,17,28.5,4.1,9.6,0.423,0.8,2.1,0.371,3.3,7.5,0.438,0.463,1.5,1.9,0.758,1.5,3.9,5.4,4.4,0.8,0.2,2.3,2.9,10.4
Jaden Springer,SG,21,PHI,11,0,11.5,1.2,3.4,0.351,0.3,1.1,0.25,0.9,2.3,0.4,0.392,0.5,0.7,0.75,1.1,0.9,2.0,0.9,0.5,0.5,1.1,1.6,3.2
Lamar Stevens,PF,26,BOS,6,0,3.3,0.7,1.2,0.571,0.2,0.2,1.0,0.5,1.0,0.5,0.643,0.0,0.0,0.0,0.7,0.3,1.0,0.3,0.2,0.2,0.5,0.7,1.5
Isaiah Stewart,PF,22,DET,17,17,31.6,4.3,9.5,0.453,1.5,3.8,0.385,2.8,5.6,0.5,0.531,1.4,1.8,0.774,2.0,5.4,7.4,1.4,0.3,0.8,1.6,2.5,11.5
Julian Strawther,SF,21,DEN,15,0,12.2,1.9,4.9,0.397,1.1,3.1,0.34,0.9,1.7,0.5,0.507,0.4,0.5,0.75,0.1,1.1,1.1,1.0,0.3,0.3,0.2,1.7,5.3
Max Strus,SF,27,CLE,18,18,35.1,5.1,11.8,0.434,2.9,7.6,0.387,2.2,4.2,0.52,0.559,1.1,1.3,0.826,0.8,4.9,5.7,4.0,0.9,0.7,1.6,2.4,14.2
Jalen Suggs,SG,22,ORL,16,16,27.1,4.2,9.6,0.435,1.6,4.3,0.362,2.6,5.3,0.494,0.516,2.5,3.0,0.833,0.8,3.3,4.0,2.7,1.9,0.5,1.9,2.8,12.4
Cole Swider,SF,24,MIA,3,0,9.7,2.0,4.7,0.429,1.3,3.7,0.364,0.7,1.0,0.667,0.571,0.0,0.0,0.0,0.0,0.3,0.3,1.0,0.3,0.3,0.3,0.3,5.3
Jae'Sean Tate,SF,28,HOU,15,0,18.8,2.4,4.7,0.507,0.7,2.1,0.355,1.7,2.7,0.625,0.585,0.5,0.7,0.8,1.1,2.8,3.9,1.3,1.1,0.3,0.3,2.8,6.1
Jayson Tatum,PF,25,BOS,18,18,37.0,9.7,19.7,0.494,3.2,8.8,0.361,6.6,10.9,0.602,0.575,5.1,6.3,0.807,0.7,8.1,8.8,4.1,1.1,0.3,3.2,2.3,27.7
Terry Taylor,PF,24,CHI,5,0,2.4,0.2,0.2,1.0,0.0,0.0,0.0,0.2,0.2,1.0,1.0,0.0,0.0,0.0,0.0,0.2,0.2,0.0,0.2,0.0,0.0,0.0,0.4
Garrett Temple,SG,37,TOR,5,0,3.2,0.8,1.0,0.8,0.2,0.2,1.0,0.6,0.8,0.75,0.9,0.4,0.4,1.0,0.0,0.4,0.4,0.4,0.2,0.0,0.0,0.0,2.2
Dalen Terry,SG,21,CHI,5,0,3.8,0.6,1.6,0.375,0.2,0.8,0.25,0.4,0.8,0.5,0.438,0.0,0.4,0.0,0.2,1.6,1.8,0.8,0.0,0.2,0.2,0.4,1.4
Daniel Theis,C,31,TOT,7,0,15.6,2.7,5.9,0.463,0.3,0.9,0.333,2.4,5.0,0.486,0.488,0.4,0.9,0.5,1.6,2.6,4.1,1.3,0.3,0.9,0.7,2.3,6.1
Daniel Theis,C,31,IND,1,0,8.0,1.0,4.0,0.25,0.0,1.0,0.0,1.0,3.0,0.333,0.25,0.0,0.0,0.0,0.0,0.0,0.0,0.0,0.0,0.0,0.0,1.0,2.0
Daniel Theis,C,31,LAC,6,0,16.8,3.0,6.2,0.486,0.3,0.8,0.4,2.7,5.3,0.5,0.514,0.5,1.0,0.5,1.8,3.0,4.8,1.5,0.3,1.0,0.8,2.5,6.8
Cam Thomas,SG,22,BRK,8,7,32.4,9.9,20.6,0.479,2.1,6.6,0.321,7.8,14.0,0.554,0.53,5.0,5.9,0.851,0.3,3.5,3.8,2.1,0.9,0.6,1.3,1.9,26.9
Amen Thompson,SF,21,HOU,4,0,16.8,2.3,5.5,0.409,0.5,2.8,0.182,1.8,2.8,0.636,0.455,1.3,2.0,0.625,0.3,2.5,2.8,1.5,0.5,0.3,1.5,2.3,6.3
Ausar Thompson,SF,21,DET,17,17,30.3,4.7,10.2,0.46,0.2,1.8,0.129,4.5,8.4,0.531,0.471,1.8,2.5,0.698,3.4,6.1,9.5,3.1,1.1,1.7,2.2,3.6,11.4
Klay Thompson,SF,33,GSW,17,17,29.4,5.3,13.1,0.404,2.8,7.6,0.364,2.5,5.5,0.457,0.509,1.9,2.2,0.868,0.5,3.1,3.6,2.3,0.4,0.6,2.0,2.3,15.3
Tristan Thompson,PF,32,CLE,14,0,9.3,1.1,1.5,0.714,0.0,0.0,0.0,1.1,1.5,0.714,0.714,0.4,0.9,0.385,1.1,1.4,2.5,0.8,0.1,0.4,0.5,0.9,2.5
JT Thor,PF,21,CHO,16,1,16.5,1.6,3.7,0.424,0.8,1.9,0.387,0.8,1.8,0.464,0.525,0.0,0.3,0.0,0.8,2.1,2.9,0.6,0.3,0.3,0.3,1.3,3.9
Matisse Thybulle,SF,26,POR,17,9,22.0,2.1,4.5,0.474,1.4,3.6,0.377,0.8,0.9,0.867,0.625,0.4,0.5,0.75,0.3,1.2,1.5,1.2,1.5,0.8,0.8,1.2,5.9
Xavier Tillman Sr.,C,25,MEM,7,5,25.9,3.9,9.1,0.422,1.0,2.9,0.35,2.9,6.3,0.455,0.477,0.6,1.3,0.444,2.0,4.7,6.7,2.4,1.6,0.9,1.4,2.9,9.3
Obi Toppin,PF,25,IND,16,15,23.8,4.8,8.2,0.588,0.9,3.1,0.306,3.9,5.1,0.756,0.645,1.3,1.4,0.87,0.9,2.3,3.2,1.2,0.8,0.3,0.8,1.6,11.8
Karl-Anthony Towns,PF,28,MIN,17,17,33.4,7.6,15.4,0.498,1.9,4.9,0.398,5.7,10.5,0.545,0.561,4.0,4.4,0.919,0.8,8.2,9.0,2.9,0.9,0.8,2.9,3.5,21.2
Gary Trent Jr.,SG,25,TOR,15,2,26.1,4.1,10.3,0.403,1.9,5.3,0.363,2.2,4.9,0.446,0.497,1.1,1.9,0.586,0.3,1.6,1.9,1.1,0.9,0.1,0.7,1.1,11.3
P.J. Tucker,PF,38,TOT,15,3,15.9,0.4,1.3,0.316,0.3,1.1,0.313,0.1,0.2,0.333,0.447,0.2,0.2,1.0,1.1,1.8,2.9,0.5,0.6,0.2,0.3,2.3,1.3
P.J. Tucker,PF,38,PHI,3,3,22.0,0.7,1.7,0.4,0.7,1.7,0.4,0.0,0.0,0.0,0.6,0.0,0.0,0.0,0.3,4.3,4.7,0.0,1.0,0.7,0.7,3.0,2.0
P.J. Tucker,PF,38,LAC,12,0,14.4,0.3,1.2,0.286,0.3,0.9,0.273,0.1,0.3,0.333,0.393,0.3,0.3,1.0,1.3,1.2,2.4,0.7,0.5,0.1,0.2,2.2,1.2
Myles Turner,C,27,IND,16,16,26.4,6.0,11.7,0.513,1.5,4.2,0.358,4.5,7.5,0.6,0.578,3.3,4.2,0.791,1.7,5.9,7.6,1.4,0.7,2.2,1.6,3.5,16.8
Hunter Tyson,PF,23,DEN,6,0,2.5,0.2,0.7,0.25,0.0,0.5,0.0,0.2,0.2,1.0,0.25,0.0,0.0,0.0,0.0,0.7,0.7,0.2,0.0,0.0,0.0,0.7,0.3
Stanley Umude,SG,24,DET,13,0,10.2,1.4,2.7,0.514,0.9,1.7,0.545,0.5,1.0,0.462,0.686,1.5,1.6,0.905,0.2,1.5,1.8,0.5,0.2,0.4,0.5,1.5,5.2
Jonas Valančiūnas,C,31,NOP,18,18,25.7,5.1,9.6,0.535,0.7,1.9,0.382,4.4,7.7,0.572,0.573,2.2,2.7,0.796,2.3,6.6,8.9,2.5,0.4,1.4,1.2,3.0,13.1
Fred VanVleet,PG,29,HOU,15,15,37.6,5.5,14.1,0.387,3.0,8.2,0.366,2.5,5.9,0.416,0.493,2.2,2.5,0.892,0.3,3.9,4.1,9.2,0.7,0.5,1.5,1.9,16.1
Devin Vassell,SG,23,SAS,12,8,28.3,6.6,13.3,0.494,2.7,6.3,0.421,3.9,7.0,0.56,0.594,2.3,3.0,0.75,0.5,2.9,3.4,2.8,1.0,0.1,1.3,1.1,18.1
Sasha Vezenkov,PF,28,SAC,13,0,13.8,2.2,5.4,0.414,1.2,3.6,0.34,1.0,1.8,0.565,0.529,0.2,0.2,1.0,0.2,1.8,2.1,0.3,0.5,0.4,0.3,1.2,5.9
Gabe Vincent,PG,27,LAL,4,0,28.3,2.8,7.0,0.393,0.3,3.5,0.071,2.5,3.5,0.714,0.411,0.3,0.5,0.5,0.5,0.5,1.0,3.0,1.5,0.0,0.5,2.5,6.0
Nikola Vučević,C,33,CHI,19,19,34.1,6.6,14.5,0.457,0.8,3.4,0.246,5.8,11.1,0.521,0.486,1.3,1.6,0.833,2.5,7.6,10.1,3.1,0.9,0.6,1.7,3.1,15.4
Dean Wade,PF,27,CLE,13,7,20.3,1.0,3.1,0.325,0.9,2.9,0.316,0.1,0.2,0.5,0.475,0.2,0.3,0.5,0.9,3.2,4.1,0.8,0.8,0.2,0.4,2.2,3.1
Franz Wagner,SF,22,ORL,17,17,32.8,7.5,16.5,0.452,1.5,5.2,0.292,5.9,11.3,0.526,0.498,3.1,3.7,0.825,1.1,4.5,5.6,3.2,1.2,0.4,1.9,2.2,19.5
Moritz Wagner,C,26,ORL,17,0,19.2,4.8,7.6,0.628,0.6,1.8,0.367,4.1,5.8,0.707,0.671,2.4,2.8,0.833,1.5,2.8,4.4,1.2,0.5,0.4,1.2,2.6,12.5
Ish Wainright,SF,29,POR,2,0,2.5,0.0,0.5,0.0,0.0,0.5,0.0,0.0,0.0,0.0,0.0,0.0,0.0,0.0,0.0,0.0,0.0,0.0,0.5,0.0,0.0,0.5,0.0
Jabari Walker,SF,21,POR,17,0,16.6,2.8,6.0,0.461,0.6,2.0,0.294,2.2,4.0,0.544,0.51,1.1,1.6,0.704,1.4,2.9,4.4,0.6,0.8,0.5,0.9,2.3,7.2
Jarace Walker,PF,20,IND,4,0,10.3,1.8,4.5,0.389,0.0,1.3,0.0,1.8,3.3,0.538,0.389,0.8,0.8,1.0,0.3,1.8,2.0,1.5,0.5,0.5,0.3,1.0,4.3
Lonnie Walker IV,SG,25,BRK,16,0,21.8,5.4,10.9,0.491,2.6,5.7,0.462,2.8,5.3,0.524,0.611,1.8,2.3,0.778,0.1,2.6,2.7,1.7,0.6,0.4,1.5,0.9,15.1
Cason Wallace,SG,20,OKC,17,4,22.0,2.6,4.3,0.616,1.0,1.7,0.586,1.6,2.6,0.636,0.733,0.6,0.6,0.909,0.5,1.6,2.1,1.5,0.6,0.4,0.5,1.6,6.9
P.J. Washington,PF,25,CHO,15,12,31.5,5.6,12.6,0.444,1.9,5.9,0.318,3.7,6.7,0.554,0.519,1.4,2.1,0.677,1.1,4.1,5.1,2.0,0.5,0.9,1.5,2.9,14.5
TyTy Washington Jr.,PG,22,MIL,2,0,3.0,0.5,1.5,0.333,0.5,1.0,0.5,0.0,0.5,0.0,0.5,0.0,0.0,0.0,0.0,0.5,0.5,0.0,0.5,0.0,1.0,0.0,1.5
Yuta Watanabe,SF,29,PHO,13,0,18.3,1.8,4.5,0.39,1.4,3.6,0.383,0.4,0.9,0.417,0.542,0.5,0.7,0.778,0.5,1.9,2.5,0.6,0.3,0.3,0.8,1.7,5.5
Lindy Waters III,SG,26,OKC,7,0,7.0,0.9,1.9,0.462,0.9,1.9,0.462,0.0,0.0,0.0,0.692,0.0,0.0,0.0,0.1,0.6,0.7,0.6,0.0,0.1,0.0,0.1,2.6
Trendon Watford,PF,23,BRK,11,0,14.8,2.8,5.5,0.508,0.5,1.1,0.417,2.4,4.5,0.531,0.549,0.7,0.8,0.889,1.1,2.6,3.7,1.8,0.6,0.2,1.4,2.3,6.8
Peyton Watson,SF,21,DEN,17,0,14.5,1.9,3.7,0.508,0.2,1.0,0.235,1.6,2.7,0.609,0.54,0.4,0.8,0.429,0.5,1.4,1.9,0.8,0.5,1.0,0.6,1.2,4.4
Victor Wembanyama,PF,20,SAS,17,17,30.1,7.1,16.4,0.43,1.5,5.4,0.275,5.6,11.1,0.505,0.475,3.6,4.4,0.824,2.1,7.4,9.5,2.6,1.3,2.6,3.6,2.6,19.2
Blake Wesley,SG,20,SAS,4,0,5.3,0.8,2.0,0.375,0.0,0.3,0.0,0.8,1.8,0.429,0.375,0.3,0.5,0.5,0.3,0.3,0.5,0.8,0.0,0.3,0.3,0.8,1.8
Russell Westbrook,PG,35,LAC,16,10,27.7,5.1,11.4,0.443,0.8,2.7,0.279,4.3,8.8,0.493,0.475,1.4,2.4,0.605,1.4,5.1,6.5,5.3,1.5,0.3,2.7,2.7,12.3
Coby White,PG,23,CHI,19,19,32.2,4.9,11.7,0.422,2.5,6.6,0.384,2.4,5.2,0.469,0.529,1.3,1.6,0.833,0.3,2.5,2.8,4.0,0.9,0.3,1.8,2.8,13.7
Derrick White,SG,29,BOS,15,15,32.2,4.5,9.5,0.469,2.1,5.5,0.39,2.3,4.1,0.574,0.58,2.8,3.3,0.84,0.7,3.1,3.7,5.1,1.1,0.8,1.8,2.3,13.9
Cam Whitmore,SF,19,HOU,3,0,7.7,1.0,3.0,0.333,0.0,1.0,0.0,1.0,2.0,0.5,0.333,0.3,0.7,0.5,0.0,1.0,1.0,0.3,0.3,0.0,0.7,0.3,2.3
Aaron Wiggins,SG,25,OKC,15,0,11.8,1.8,3.1,0.574,0.5,1.3,0.421,1.3,1.9,0.679,0.66,0.7,1.0,0.733,0.5,1.6,2.1,0.7,0.4,0.1,0.6,0.9,4.9
Andrew Wiggins,SF,28,GSW,18,18,27.2,5.1,11.7,0.433,0.9,3.3,0.267,4.2,8.3,0.5,0.471,1.8,3.0,0.593,1.9,2.4,4.4,1.2,0.3,0.4,1.8,2.6,12.8
Lindell Wigginton,PG,25,MIL,1,0,2.0,0.0,1.0,0.0,0.0,1.0,0.0,0.0,0.0,0.0,0.0,0.0,0.0,0.0,0.0,0.0,0.0,0.0,0.0,0.0,1.0,1.0,0.0
Grant Williams,PF,25,DAL,17,17,28.8,3.4,7.6,0.442,2.4,5.5,0.43,1.0,2.1,0.472,0.597,0.7,1.2,0.571,1.1,2.5,3.6,1.6,0.2,0.6,0.9,2.6,9.8
Jalen Williams,PF,22,OKC,14,14,33.2,6.2,12.4,0.5,1.0,2.9,0.341,5.2,9.5,0.549,0.54,3.6,4.1,0.877,0.2,3.8,4.0,3.6,0.8,0.3,2.1,3.1,17.0
Jaylin Williams,C,21,OKC,12,0,13.8,1.4,4.0,0.354,0.6,2.2,0.269,0.8,1.8,0.455,0.427,0.4,0.5,0.833,0.7,3.4,4.1,1.8,0.4,0.2,0.4,2.0,3.8
Jeenathan Williams,SG,24,HOU,3,0,5.3,1.7,3.0,0.556,0.0,0.7,0.0,1.7,2.3,0.714,0.556,0.3,0.7,0.5,0.0,0.0,0.0,0.3,0.3,0.0,0.0,0.3,3.7
Kenrich Williams,PF,29,OKC,7,0,17.1,2.6,4.1,0.621,1.0,1.9,0.538,1.6,2.3,0.688,0.741,0.3,0.9,0.333,0.7,2.0,2.7,1.9,0.3,0.0,0.1,2.3,6.4
Mark Williams,C,22,CHO,16,16,26.7,5.4,8.1,0.674,0.0,0.0,0.0,5.4,8.1,0.674,0.674,2.6,3.6,0.707,4.2,6.0,10.2,1.3,0.9,0.9,0.9,2.5,13.4
Patrick Williams,PF,22,CHI,19,9,23.8,2.6,6.7,0.394,1.1,3.0,0.351,1.6,3.7,0.429,0.472,1.2,1.5,0.821,1.1,2.9,3.9,1.2,0.9,0.8,1.2,1.5,7.5
Robert Williams,C,26,POR,6,0,19.8,2.8,4.3,0.654,0.0,0.0,0.0,2.8,4.3,0.654,0.654,1.2,1.5,0.778,1.8,4.5,6.3,0.8,1.2,1.2,1.2,2.8,6.8
Vince Williams Jr.,SG,23,MEM,8,0,9.5,0.6,2.1,0.294,0.5,1.9,0.267,0.1,0.3,0.5,0.412,0.9,1.0,0.875,0.1,1.6,1.8,0.8,0.3,0.6,0.3,1.4,2.6
Ziaire Williams,SF,22,MEM,15,8,23.0,3.0,8.2,0.366,1.3,4.1,0.311,1.7,4.1,0.419,0.443,1.4,1.6,0.875,0.7,3.9,4.6,1.5,0.4,0.3,1.3,2.2,8.7
Zion Williamson,PF,23,NOP,14,14,31.8,9.4,17.1,0.548,0.1,0.3,0.5,9.2,16.8,0.549,0.552,4.5,7.3,0.618,2.1,3.6,5.8,4.8,1.0,0.3,2.6,2.6,23.4
Jalen Wilson,PF,23,BRK,2,0,3.5,0.0,0.5,0.0,0.0,0.0,0.0,0.0,0.5,0.0,0.0,0.0,0.0,0.0,0.0,0.5,0.5,0.0,0.0,0.5,0.0,0.0,0.0
Dylan Windler,SF,27,NYK,3,0,2.3,0.3,0.7,0.5,0.3,0.7,0.5,0.0,0.0,0.0,0.75,0.0,0.0,0.0,0.0,0.3,0.3,0.3,0.0,0.0,0.0,0.3,1.0
James Wiseman,C,22,DET,9,0,11.0,2.4,3.9,0.629,0.0,0.1,0.0,2.4,3.8,0.647,0.629,0.7,1.2,0.545,1.0,2.0,3.0,0.3,0.1,0.3,0.8,1.8,5.6
Christian Wood,PF,28,LAL,18,1,20.4,2.6,5.5,0.465,0.8,2.6,0.304,1.8,2.9,0.604,0.535,1.2,1.8,0.656,0.9,5.1,6.0,0.8,0.2,0.6,1.3,1.9,7.1
Delon Wright,PG,31,WAS,8,0,17.6,1.4,3.8,0.367,0.5,1.4,0.364,0.9,2.4,0.368,0.433,1.8,2.0,0.875,0.4,2.1,2.5,4.4,1.6,0.1,0.5,0.8,5.0
Thaddeus Young,PF,35,TOR,3,0,3.3,0.7,1.3,0.5,0.0,0.0,0.0,0.7,1.3,0.5,0.5,0.0,0.7,0.0,0.3,0.7,1.0,1.0,0.0,0.0,0.3,0.0,1.3
Trae Young,PG,25,ATL,16,16,35.8,7.4,18.8,0.393,3.0,8.4,0.358,4.4,10.4,0.422,0.473,7.9,9.0,0.875,0.6,2.3,2.9,10.4,1.6,0.0,3.9,1.6,25.6
Omer Yurtseven,C,25,UTA,11,2,10.3,1.9,3.1,0.618,0.3,1.0,0.273,1.6,2.1,0.783,0.662,0.5,0.6,0.714,1.3,2.4,3.6,0.6,0.1,0.5,0.5,1.1,4.5
Cody Zeller,C,31,NOP,14,0,9.2,0.6,1.8,0.36,0.0,0.1,0.0,0.6,1.7,0.375,0.36,0.4,1.1,0.375,1.2,2.1,3.4,1.2,0.1,0.1,0.3,1.0,1.7
Ivica Zubac,C,26,LAC,16,16,25.6,4.6,7.6,0.612,0.0,0.0,0.0,4.6,7.6,0.612,0.612,2.0,3.3,0.604,3.3,5.7,8.9,0.8,0.1,1.3,1.4,2.8,11.3
